"ID","SENSORTYPE_ID","LOCATION_ID","VALUE","MEASURE_TIME"
"40565","1","1","4.53","2012-04-25 18:21:14.765"
"40566","2","1","514.0","2012-04-25 18:21:14.765"
"40567","3","1","530.0","2012-04-25 18:21:14.765"
"40568","1","1","4.68","2012-04-25 18:21:24.821"
"40569","2","1","512.0","2012-04-25 18:21:24.821"
"40570","3","1","544.0","2012-04-25 18:21:24.822"
"40571","1","1","4.6","2012-04-25 18:21:34.873"
"40572","2","1","514.0","2012-04-25 18:21:34.873"
"40573","3","1","533.0","2012-04-25 18:21:34.873"
"40574","1","1","4.68","2012-04-25 18:21:44.929"
"40575","2","1","513.0","2012-04-25 18:21:44.93"
"40576","3","1","532.0","2012-04-25 18:21:44.93"
"40577","1","1","4.84","2012-04-25 18:21:55.023"
"40578","2","1","512.0","2012-04-25 18:21:55.024"
"40579","3","1","533.0","2012-04-25 18:21:55.024"
"40580","1","1","4.76","2012-04-25 18:22:05.047"
"40581","2","1","513.0","2012-04-25 18:22:05.063"
"40582","3","1","536.0","2012-04-25 18:22:05.063"
"40583","1","1","4.84","2012-04-25 18:22:15.103"
"40584","2","1","514.0","2012-04-25 18:22:15.104"
"40585","3","1","536.0","2012-04-25 18:22:15.104"
"40586","1","1","4.99","2012-04-25 18:22:25.241"
"40587","2","1","512.0","2012-04-25 18:22:25.241"
"40588","3","1","539.0","2012-04-25 18:22:25.241"
"40589","1","1","4.91","2012-04-25 18:22:35.477"
"40590","2","1","514.0","2012-04-25 18:22:35.477"
"40591","3","1","543.0","2012-04-25 18:22:35.477"
"40592","1","1","4.99","2012-04-25 18:22:45.283"
"40593","2","1","513.0","2012-04-25 18:22:45.283"
"40594","3","1","541.0","2012-04-25 18:22:45.283"
"40595","1","1","5.07","2012-04-25 18:22:55.405"
"40596","2","1","512.0","2012-04-25 18:22:55.405"
"40597","3","1","535.0","2012-04-25 18:22:55.405"
"40598","1","1","5.07","2012-04-25 18:23:05.398"
"40599","2","1","513.0","2012-04-25 18:23:05.399"
"40600","3","1","535.0","2012-04-25 18:23:05.399"
"40601","1","1","5.07","2012-04-25 18:23:15.457"
"40602","2","1","513.0","2012-04-25 18:23:15.457"
"40603","3","1","529.0","2012-04-25 18:23:15.457"
"40604","1","1","4.99","2012-04-25 18:23:25.59"
"40605","2","1","514.0","2012-04-25 18:23:25.59"
"40606","3","1","543.0","2012-04-25 18:23:25.59"
"40607","1","1","5.07","2012-04-25 18:23:35.577"
"40608","2","1","513.0","2012-04-25 18:23:35.583"
"40609","3","1","535.0","2012-04-25 18:23:35.584"
"40610","1","1","5.07","2012-04-25 18:23:45.638"
"40611","2","1","513.0","2012-04-25 18:23:45.638"
"40612","3","1","529.0","2012-04-25 18:23:45.639"
"40613","1","1","5.14","2012-04-25 18:23:55.75"
"40614","2","1","512.0","2012-04-25 18:23:55.751"
"40615","3","1","536.0","2012-04-25 18:23:55.751"
"40616","1","1","5.14","2012-04-25 18:24:05.833"
"40617","2","1","512.0","2012-04-25 18:24:05.833"
"40618","3","1","546.0","2012-04-25 18:24:05.833"
"40619","1","1","4.99","2012-04-25 18:24:15.856"
"40620","2","1","514.0","2012-04-25 18:24:15.856"
"40621","3","1","544.0","2012-04-25 18:24:15.856"
"40622","1","1","5.14","2012-04-25 18:24:25.908"
"40623","2","1","512.0","2012-04-25 18:24:25.908"
"40624","3","1","536.0","2012-04-25 18:24:25.908"
"40625","1","1","5.07","2012-04-25 18:24:35.949"
"40626","2","1","512.0","2012-04-25 18:24:35.95"
"40627","3","1","536.0","2012-04-25 18:24:35.95"
"40628","1","1","4.99","2012-04-25 18:24:46.025"
"40629","2","1","513.0","2012-04-25 18:24:46.026"
"40630","3","1","536.0","2012-04-25 18:24:46.026"
"40631","1","1","4.99","2012-04-25 18:24:56.055"
"40632","2","1","514.0","2012-04-25 18:24:56.055"
"40633","3","1","541.0","2012-04-25 18:24:56.055"
"40634","1","1","5.07","2012-04-25 18:25:06.219"
"40635","2","1","512.0","2012-04-25 18:25:06.226"
"40636","3","1","543.0","2012-04-25 18:25:06.226"
"40637","1","1","4.99","2012-04-25 18:25:16.171"
"40638","2","1","513.0","2012-04-25 18:25:16.172"
"40639","3","1","548.0","2012-04-25 18:25:16.172"
"40640","1","1","4.99","2012-04-25 18:25:26.229"
"40641","2","1","512.0","2012-04-25 18:25:26.229"
"40642","3","1","547.0","2012-04-25 18:25:26.23"
"40643","1","1","4.99","2012-04-25 18:25:36.348"
"40644","2","1","514.0","2012-04-25 18:25:36.348"
"40645","3","1","540.0","2012-04-25 18:25:36.348"
"40646","1","1","5.14","2012-04-25 18:25:46.43"
"40647","2","1","512.0","2012-04-25 18:25:46.43"
"40648","3","1","541.0","2012-04-25 18:25:46.431"
"40649","1","1","5.14","2012-04-25 18:25:56.408"
"40650","2","1","513.0","2012-04-25 18:25:56.408"
"40651","3","1","537.0","2012-04-25 18:25:56.408"
"40652","1","1","5.07","2012-04-25 18:26:06.478"
"40653","2","1","513.0","2012-04-25 18:26:06.479"
"40654","3","1","531.0","2012-04-25 18:26:06.479"
"40655","1","1","5.14","2012-04-25 18:26:16.53"
"40656","2","1","513.0","2012-04-25 18:26:16.531"
"40657","3","1","536.0","2012-04-25 18:26:16.531"
"40658","1","1","5.22","2012-04-25 18:26:26.642"
"40659","2","1","512.0","2012-04-25 18:26:26.642"
"40660","3","1","534.0","2012-04-25 18:26:26.642"
"40661","1","1","5.07","2012-04-25 18:26:36.717"
"40662","2","1","514.0","2012-04-25 18:26:36.735"
"40663","3","1","531.0","2012-04-25 18:26:36.735"
"40664","1","1","5.14","2012-04-25 18:26:46.709"
"40665","2","1","513.0","2012-04-25 18:26:46.709"
"40666","3","1","528.0","2012-04-25 18:26:46.709"
"40667","1","1","5.14","2012-04-25 18:26:56.79"
"40668","2","1","513.0","2012-04-25 18:26:56.79"
"40669","3","1","527.0","2012-04-25 18:26:56.791"
"40670","1","1","5.22","2012-04-25 18:27:06.843"
"40671","2","1","513.0","2012-04-25 18:27:06.843"
"40672","3","1","530.0","2012-04-25 18:27:06.843"
"40673","1","1","5.14","2012-04-25 18:27:16.927"
"40674","2","1","512.0","2012-04-25 18:27:16.927"
"40675","3","1","539.0","2012-04-25 18:27:16.928"
"40676","1","1","5.3","2012-04-25 18:27:26.98"
"40677","2","1","512.0","2012-04-25 18:27:26.981"
"40678","3","1","542.0","2012-04-25 18:27:26.981"
"40679","1","1","5.22","2012-04-25 18:27:37.017"
"40680","2","1","513.0","2012-04-25 18:27:37.017"
"40681","3","1","542.0","2012-04-25 18:27:37.018"
"40682","1","1","5.14","2012-04-25 18:27:47.055"
"40683","2","1","514.0","2012-04-25 18:27:47.055"
"40684","3","1","537.0","2012-04-25 18:27:47.055"
"40685","1","1","5.22","2012-04-25 18:27:57.182"
"40686","2","1","513.0","2012-04-25 18:27:57.182"
"40687","3","1","531.0","2012-04-25 18:27:57.182"
"40688","1","1","5.3","2012-04-25 18:28:07.203"
"40689","2","1","514.0","2012-04-25 18:28:07.211"
"40690","3","1","542.0","2012-04-25 18:28:07.212"
"40691","1","1","5.3","2012-04-25 18:28:17.229"
"40692","2","1","512.0","2012-04-25 18:28:17.23"
"40693","3","1","533.0","2012-04-25 18:28:17.23"
"40694","1","1","5.22","2012-04-25 18:28:27.288"
"40695","2","1","512.0","2012-04-25 18:28:27.288"
"40696","3","1","538.0","2012-04-25 18:28:27.288"
"40697","1","1","5.3","2012-04-25 18:28:37.351"
"40698","2","1","512.0","2012-04-25 18:28:37.352"
"40699","3","1","541.0","2012-04-25 18:28:37.352"
"40700","1","1","5.3","2012-04-25 18:28:47.398"
"40701","2","1","512.0","2012-04-25 18:28:47.398"
"40702","3","1","529.0","2012-04-25 18:28:47.399"
"40703","1","1","5.14","2012-04-25 18:28:57.459"
"40704","2","1","513.0","2012-04-25 18:28:57.459"
"40705","3","1","542.0","2012-04-25 18:28:57.46"
"40706","1","1","5.22","2012-04-25 18:29:07.514"
"40707","2","1","512.0","2012-04-25 18:29:07.515"
"40708","3","1","543.0","2012-04-25 18:29:07.515"
"40709","1","1","5.22","2012-04-25 18:29:17.627"
"40710","2","1","512.0","2012-04-25 18:29:17.628"
"40711","3","1","529.0","2012-04-25 18:29:17.628"
"40712","1","1","5.14","2012-04-25 18:29:27.631"
"40713","2","1","513.0","2012-04-25 18:29:27.632"
"40714","3","1","538.0","2012-04-25 18:29:27.632"
"40715","1","1","5.3","2012-04-25 18:29:37.692"
"40716","2","1","513.0","2012-04-25 18:29:37.707"
"40717","3","1","538.0","2012-04-25 18:29:37.708"
"40718","1","1","5.14","2012-04-25 18:29:47.751"
"40719","2","1","513.0","2012-04-25 18:29:47.752"
"40720","3","1","542.0","2012-04-25 18:29:47.752"
"40721","1","1","5.3","2012-04-25 18:29:57.809"
"40722","2","1","512.0","2012-04-25 18:29:57.901"
"40723","3","1","539.0","2012-04-25 18:29:57.901"
"40724","1","1","5.14","2012-04-25 18:30:07.867"
"40725","2","1","513.0","2012-04-25 18:30:07.867"
"40726","3","1","547.0","2012-04-25 18:30:07.867"
"40727","1","1","5.3","2012-04-25 18:30:17.926"
"40728","2","1","512.0","2012-04-25 18:30:17.926"
"40729","3","1","546.0","2012-04-25 18:30:17.926"
"40730","1","1","5.14","2012-04-25 18:30:27.983"
"40731","2","1","513.0","2012-04-25 18:30:27.984"
"40732","3","1","541.0","2012-04-25 18:30:27.986"
"40733","1","1","5.14","2012-04-25 18:30:38.084"
"40734","2","1","513.0","2012-04-25 18:30:38.084"
"40735","3","1","554.0","2012-04-25 18:30:38.088"
"40736","1","1","5.3","2012-04-25 18:30:48.136"
"40737","2","1","513.0","2012-04-25 18:30:48.136"
"40738","3","1","538.0","2012-04-25 18:30:48.137"
"40739","1","1","5.14","2012-04-25 18:30:58.219"
"40740","2","1","513.0","2012-04-25 18:30:58.22"
"40741","3","1","553.0","2012-04-25 18:30:58.22"
"40742","1","1","5.3","2012-04-25 18:31:08.241"
"40743","2","1","512.0","2012-04-25 18:31:08.249"
"40744","3","1","539.0","2012-04-25 18:31:08.249"
"40745","1","1","5.3","2012-04-25 18:31:18.354"
"40746","2","1","512.0","2012-04-25 18:31:18.354"
"40747","3","1","550.0","2012-04-25 18:31:18.354"
"40748","1","1","5.22","2012-04-25 18:31:28.335"
"40749","2","1","513.0","2012-04-25 18:31:28.336"
"40750","3","1","541.0","2012-04-25 18:31:28.336"
"40751","1","1","5.22","2012-04-25 18:31:38.397"
"40752","2","1","513.0","2012-04-25 18:31:38.397"
"40753","3","1","545.0","2012-04-25 18:31:38.397"
"40754","1","1","5.3","2012-04-25 18:31:48.455"
"40755","2","1","513.0","2012-04-25 18:31:48.456"
"40756","3","1","532.0","2012-04-25 18:31:48.456"
"40757","1","1","5.3","2012-04-25 18:31:58.601"
"40758","2","1","512.0","2012-04-25 18:31:58.602"
"40759","3","1","543.0","2012-04-25 18:31:58.602"
"40760","1","1","5.3","2012-04-25 18:32:08.572"
"40761","2","1","513.0","2012-04-25 18:32:08.572"
"40762","3","1","533.0","2012-04-25 18:32:08.572"
"40763","1","1","5.22","2012-04-25 18:32:18.645"
"40764","2","1","513.0","2012-04-25 18:32:18.645"
"40765","3","1","533.0","2012-04-25 18:32:18.645"
"40766","1","1","5.3","2012-04-25 18:32:28.688"
"40767","2","1","513.0","2012-04-25 18:32:28.688"
"40768","3","1","536.0","2012-04-25 18:32:28.688"
"40769","1","1","5.22","2012-04-25 18:32:38.751"
"40770","2","1","513.0","2012-04-25 18:32:38.759"
"40771","3","1","539.0","2012-04-25 18:32:38.759"
"40772","1","1","5.14","2012-04-25 18:32:48.865"
"40773","2","1","514.0","2012-04-25 18:32:48.866"
"40774","3","1","536.0","2012-04-25 18:32:48.866"
"40775","1","1","5.3","2012-04-25 18:32:58.919"
"40776","2","1","512.0","2012-04-25 18:32:58.919"
"40777","3","1","537.0","2012-04-25 18:32:58.919"
"40778","1","1","5.3","2012-04-25 18:33:08.942"
"40779","2","1","512.0","2012-04-25 18:33:08.943"
"40780","3","1","532.0","2012-04-25 18:33:08.943"
"40781","1","1","5.3","2012-04-25 18:33:19.024"
"40782","2","1","513.0","2012-04-25 18:33:19.025"
"40783","3","1","535.0","2012-04-25 18:33:19.025"
"40784","1","1","5.3","2012-04-25 18:33:29.046"
"40785","2","1","513.0","2012-04-25 18:33:29.046"
"40786","3","1","546.0","2012-04-25 18:33:29.046"
"40787","1","1","5.38","2012-04-25 18:33:39.194"
"40788","2","1","512.0","2012-04-25 18:33:39.194"
"40789","3","1","544.0","2012-04-25 18:33:39.195"
"40790","1","1","5.22","2012-04-25 18:33:49.161"
"40791","2","1","513.0","2012-04-25 18:33:49.162"
"40792","3","1","548.0","2012-04-25 18:33:49.162"
"40793","1","1","5.3","2012-04-25 18:33:59.263"
"40794","2","1","512.0","2012-04-25 18:33:59.264"
"40795","3","1","539.0","2012-04-25 18:33:59.264"
"40796","1","1","5.22","2012-04-25 18:34:09.316"
"40797","2","1","513.0","2012-04-25 18:34:09.324"
"40798","3","1","535.0","2012-04-25 18:34:09.324"
"40799","1","1","5.38","2012-04-25 18:34:19.369"
"40800","2","1","513.0","2012-04-25 18:34:19.369"
"40801","3","1","541.0","2012-04-25 18:34:19.369"
"40802","1","1","5.3","2012-04-25 18:34:29.451"
"40803","2","1","512.0","2012-04-25 18:34:29.452"
"40804","3","1","547.0","2012-04-25 18:34:29.452"
"40805","1","1","5.38","2012-04-25 18:34:39.506"
"40806","2","1","513.0","2012-04-25 18:34:39.507"
"40807","3","1","532.0","2012-04-25 18:34:39.507"
"40808","1","1","5.3","2012-04-25 18:34:49.513"
"40809","2","1","514.0","2012-04-25 18:34:49.514"
"40810","3","1","536.0","2012-04-25 18:34:49.514"
"40811","1","1","5.22","2012-04-25 18:34:59.64"
"40812","2","1","513.0","2012-04-25 18:34:59.641"
"40813","3","1","544.0","2012-04-25 18:34:59.641"
"40814","1","1","5.22","2012-04-25 18:35:09.632"
"40815","2","1","513.0","2012-04-25 18:35:09.633"
"40816","3","1","534.0","2012-04-25 18:35:09.633"
"40817","1","1","5.3","2012-04-25 18:35:19.745"
"40818","2","1","512.0","2012-04-25 18:35:19.745"
"40819","3","1","534.0","2012-04-25 18:35:19.746"
"40820","1","1","5.3","2012-04-25 18:35:29.767"
"40821","2","1","513.0","2012-04-25 18:35:29.767"
"40822","3","1","540.0","2012-04-25 18:35:29.768"
"40823","1","1","5.38","2012-04-25 18:35:39.809"
"40824","2","1","513.0","2012-04-25 18:35:39.881"
"40825","3","1","537.0","2012-04-25 18:35:39.881"
"40826","1","1","5.38","2012-04-25 18:35:49.936"
"40827","2","1","512.0","2012-04-25 18:35:49.936"
"40828","3","1","529.0","2012-04-25 18:35:49.937"
"40829","1","1","5.3","2012-04-25 18:35:59.958"
"40830","2","1","512.0","2012-04-25 18:35:59.958"
"40831","3","1","542.0","2012-04-25 18:35:59.958"
"40832","1","1","5.38","2012-04-25 18:36:09.983"
"40833","2","1","512.0","2012-04-25 18:36:09.984"
"40834","3","1","528.0","2012-04-25 18:36:09.984"
"40835","1","1","5.45","2012-04-25 18:36:20.041"
"40836","2","1","512.0","2012-04-25 18:36:20.041"
"40837","3","1","530.0","2012-04-25 18:36:20.041"
"40838","1","1","5.3","2012-04-25 18:36:30.143"
"40839","2","1","514.0","2012-04-25 18:36:30.143"
"40840","3","1","532.0","2012-04-25 18:36:30.143"
"40841","1","1","5.3","2012-04-25 18:36:40.172"
"40842","2","1","512.0","2012-04-25 18:36:40.172"
"40843","3","1","523.0","2012-04-25 18:36:40.172"
"40844","1","1","5.38","2012-04-25 18:36:50.265"
"40845","2","1","513.0","2012-04-25 18:36:50.265"
"40846","3","1","528.0","2012-04-25 18:36:50.265"
"40847","1","1","5.38","2012-04-25 18:37:00.348"
"40848","2","1","513.0","2012-04-25 18:37:00.348"
"40849","3","1","531.0","2012-04-25 18:37:00.349"
"40850","1","1","5.38","2012-04-25 18:37:10.402"
"40851","2","1","513.0","2012-04-25 18:37:10.41"
"40852","3","1","543.0","2012-04-25 18:37:10.41"
"40853","1","1","5.3","2012-04-25 18:37:20.425"
"40854","2","1","513.0","2012-04-25 18:37:20.425"
"40855","3","1","537.0","2012-04-25 18:37:20.426"
"40856","1","1","5.3","2012-04-25 18:37:30.508"
"40857","2","1","512.0","2012-04-25 18:37:30.508"
"40858","3","1","539.0","2012-04-25 18:37:30.508"
"40859","1","1","5.22","2012-04-25 18:37:40.526"
"40860","2","1","513.0","2012-04-25 18:37:40.526"
"40861","3","1","541.0","2012-04-25 18:37:40.526"
"40862","1","1","5.3","2012-04-25 18:37:50.646"
"40863","2","1","514.0","2012-04-25 18:37:50.646"
"40864","3","1","533.0","2012-04-25 18:37:50.646"
"40865","1","1","5.3","2012-04-25 18:38:00.642"
"40866","2","1","513.0","2012-04-25 18:38:00.643"
"40867","3","1","527.0","2012-04-25 18:38:00.643"
"40868","1","1","5.22","2012-04-25 18:38:10.78"
"40869","2","1","513.0","2012-04-25 18:38:10.78"
"40870","3","1","533.0","2012-04-25 18:38:10.78"
"40871","1","1","5.22","2012-04-25 18:38:20.758"
"40872","2","1","514.0","2012-04-25 18:38:20.759"
"40873","3","1","532.0","2012-04-25 18:38:20.759"
"40874","1","1","5.3","2012-04-25 18:38:30.883"
"40875","2","1","513.0","2012-04-25 18:38:30.883"
"40876","3","1","531.0","2012-04-25 18:38:30.883"
"40877","1","1","5.38","2012-04-25 18:38:40.868"
"40878","2","1","512.0","2012-04-25 18:38:40.879"
"40879","3","1","523.0","2012-04-25 18:38:40.88"
"40880","1","1","5.38","2012-04-25 18:38:51.015"
"40881","2","1","512.0","2012-04-25 18:38:51.015"
"40882","3","1","526.0","2012-04-25 18:38:51.016"
"40883","1","1","5.38","2012-04-25 18:39:01.009"
"40884","2","1","513.0","2012-04-25 18:39:01.009"
"40885","3","1","520.0","2012-04-25 18:39:01.01"
"40886","1","1","5.22","2012-04-25 18:39:11.092"
"40887","2","1","514.0","2012-04-25 18:39:11.092"
"40888","3","1","531.0","2012-04-25 18:39:11.092"
"40889","1","1","5.38","2012-04-25 18:39:21.144"
"40890","2","1","512.0","2012-04-25 18:39:21.144"
"40891","3","1","533.0","2012-04-25 18:39:21.144"
"40892","1","1","5.45","2012-04-25 18:39:31.166"
"40893","2","1","512.0","2012-04-25 18:39:31.166"
"40894","3","1","534.0","2012-04-25 18:39:31.166"
"40895","1","1","5.45","2012-04-25 18:39:41.262"
"40896","2","1","513.0","2012-04-25 18:39:41.262"
"40897","3","1","526.0","2012-04-25 18:39:41.262"
"40898","1","1","5.45","2012-04-25 18:39:51.29"
"40899","2","1","513.0","2012-04-25 18:39:51.291"
"40900","3","1","538.0","2012-04-25 18:39:51.291"
"40901","1","1","5.38","2012-04-25 18:40:01.35"
"40902","2","1","513.0","2012-04-25 18:40:01.35"
"40903","3","1","537.0","2012-04-25 18:40:01.35"
"40904","1","1","5.45","2012-04-25 18:40:11.407"
"40905","2","1","513.0","2012-04-25 18:40:11.476"
"40906","3","1","528.0","2012-04-25 18:40:11.477"
"40907","1","1","5.45","2012-04-25 18:40:21.53"
"40908","2","1","513.0","2012-04-25 18:40:21.53"
"40909","3","1","530.0","2012-04-25 18:40:21.53"
"40910","1","1","5.45","2012-04-25 18:40:31.539"
"40911","2","1","513.0","2012-04-25 18:40:31.539"
"40912","3","1","533.0","2012-04-25 18:40:31.54"
"40913","1","1","5.38","2012-04-25 18:40:41.575"
"40914","2","1","514.0","2012-04-25 18:40:41.575"
"40915","3","1","542.0","2012-04-25 18:40:41.575"
"40916","1","1","5.38","2012-04-25 18:40:51.651"
"40917","2","1","513.0","2012-04-25 18:40:51.652"
"40918","3","1","540.0","2012-04-25 18:40:51.652"
"40919","1","1","5.38","2012-04-25 18:41:01.7"
"40920","2","1","514.0","2012-04-25 18:41:01.7"
"40921","3","1","535.0","2012-04-25 18:41:01.701"
"40922","1","1","5.3","2012-04-25 18:41:11.756"
"40923","2","1","513.0","2012-04-25 18:41:11.757"
"40924","3","1","539.0","2012-04-25 18:41:11.758"
"40925","1","1","5.3","2012-04-25 18:41:21.898"
"40926","2","1","512.0","2012-04-25 18:41:21.899"
"40927","3","1","534.0","2012-04-25 18:41:21.899"
"40928","1","1","5.38","2012-04-25 18:41:31.866"
"40929","2","1","513.0","2012-04-25 18:41:31.867"
"40930","3","1","533.0","2012-04-25 18:41:31.867"
"40931","1","1","5.3","2012-04-25 18:41:41.929"
"40932","2","1","513.0","2012-04-25 18:41:41.934"
"40933","3","1","538.0","2012-04-25 18:41:41.934"
"40934","1","1","5.3","2012-04-25 18:41:51.987"
"40935","2","1","512.0","2012-04-25 18:41:51.988"
"40936","3","1","545.0","2012-04-25 18:41:51.988"
"40937","1","1","5.3","2012-04-25 18:42:02.08"
"40938","2","1","512.0","2012-04-25 18:42:02.08"
"40939","3","1","545.0","2012-04-25 18:42:02.081"
"40940","1","1","5.45","2012-04-25 18:42:12.132"
"40941","2","1","513.0","2012-04-25 18:42:12.133"
"40942","3","1","537.0","2012-04-25 18:42:12.133"
"40943","1","1","5.38","2012-04-25 18:42:22.184"
"40944","2","1","514.0","2012-04-25 18:42:22.184"
"40945","3","1","536.0","2012-04-25 18:42:22.184"
"40946","1","1","5.45","2012-04-25 18:42:32.225"
"40947","2","1","512.0","2012-04-25 18:42:32.226"
"40948","3","1","538.0","2012-04-25 18:42:32.226"
"40949","1","1","5.45","2012-04-25 18:42:42.332"
"40950","2","1","513.0","2012-04-25 18:42:42.333"
"40951","3","1","533.0","2012-04-25 18:42:42.333"
"40952","1","1","5.38","2012-04-25 18:42:52.354"
"40953","2","1","512.0","2012-04-25 18:42:52.354"
"40954","3","1","536.0","2012-04-25 18:42:52.354"
"40955","1","1","5.45","2012-04-25 18:43:02.436"
"40956","2","1","513.0","2012-04-25 18:43:02.436"
"40957","3","1","530.0","2012-04-25 18:43:02.437"
"40958","1","1","5.38","2012-04-25 18:43:12.467"
"40959","2","1","512.0","2012-04-25 18:43:12.476"
"40960","3","1","531.0","2012-04-25 18:43:12.476"
"40961","1","1","5.3","2012-04-25 18:43:22.539"
"40962","2","1","513.0","2012-04-25 18:43:22.54"
"40963","3","1","532.0","2012-04-25 18:43:22.54"
"40964","1","1","5.38","2012-04-25 18:43:32.622"
"40965","2","1","513.0","2012-04-25 18:43:32.622"
"40966","3","1","528.0","2012-04-25 18:43:32.623"
"40967","1","1","5.38","2012-04-25 18:43:42.668"
"40968","2","1","513.0","2012-04-25 18:43:42.668"
"40969","3","1","537.0","2012-04-25 18:43:42.668"
"40970","1","1","5.38","2012-04-25 18:43:52.72"
"40971","2","1","512.0","2012-04-25 18:43:52.72"
"40972","3","1","534.0","2012-04-25 18:43:52.72"
"40973","1","1","5.38","2012-04-25 18:44:02.772"
"40974","2","1","512.0","2012-04-25 18:44:02.772"
"40975","3","1","541.0","2012-04-25 18:44:02.772"
"40976","1","1","5.3","2012-04-25 18:44:12.833"
"40977","2","1","512.0","2012-04-25 18:44:12.833"
"40978","3","1","545.0","2012-04-25 18:44:12.833"
"40979","1","1","5.45","2012-04-25 18:44:22.868"
"40980","2","1","513.0","2012-04-25 18:44:22.868"
"40981","3","1","530.0","2012-04-25 18:44:22.869"
"40982","1","1","5.45","2012-04-25 18:44:32.987"
"40983","2","1","512.0","2012-04-25 18:44:32.987"
"40984","3","1","527.0","2012-04-25 18:44:32.987"
"40985","1","1","5.38","2012-04-25 18:44:43.074"
"40986","2","1","512.0","2012-04-25 18:44:43.082"
"40987","3","1","531.0","2012-04-25 18:44:43.082"
"40988","1","1","5.38","2012-04-25 18:44:53.078"
"40989","2","1","513.0","2012-04-25 18:44:53.078"
"40990","3","1","532.0","2012-04-25 18:44:53.078"
"40991","1","1","5.38","2012-04-25 18:45:03.183"
"40992","2","1","512.0","2012-04-25 18:45:03.183"
"40993","3","1","539.0","2012-04-25 18:45:03.183"
"40994","1","1","5.38","2012-04-25 18:45:13.206"
"40995","2","1","513.0","2012-04-25 18:45:13.206"
"40996","3","1","535.0","2012-04-25 18:45:13.206"
"40997","1","1","5.22","2012-04-25 18:45:23.228"
"40998","2","1","512.0","2012-04-25 18:45:23.228"
"40999","3","1","532.0","2012-04-25 18:45:23.228"
"41000","1","1","5.38","2012-04-25 18:45:33.37"
"41001","2","1","512.0","2012-04-25 18:45:33.37"
"41002","3","1","539.0","2012-04-25 18:45:33.37"
"41003","1","1","5.45","2012-04-25 18:45:43.343"
"41004","2","1","513.0","2012-04-25 18:45:43.343"
"41005","3","1","532.0","2012-04-25 18:45:43.344"
"41006","1","1","5.38","2012-04-25 18:45:53.417"
"41007","2","1","513.0","2012-04-25 18:45:53.418"
"41008","3","1","537.0","2012-04-25 18:45:53.418"
"41009","1","1","5.3","2012-04-25 18:46:03.459"
"41010","2","1","512.0","2012-04-25 18:46:03.46"
"41011","3","1","542.0","2012-04-25 18:46:03.46"
"41012","1","1","5.38","2012-04-25 18:46:13.611"
"41013","2","1","513.0","2012-04-25 18:46:13.619"
"41014","3","1","533.0","2012-04-25 18:46:13.619"
"41015","1","1","5.53","2012-04-25 18:46:23.602"
"41016","2","1","513.0","2012-04-25 18:46:23.603"
"41017","3","1","532.0","2012-04-25 18:46:23.603"
"41018","1","1","5.45","2012-04-25 18:46:33.686"
"41019","2","1","514.0","2012-04-25 18:46:33.686"
"41020","3","1","532.0","2012-04-25 18:46:33.686"
"41021","1","1","5.45","2012-04-25 18:46:43.713"
"41022","2","1","513.0","2012-04-25 18:46:43.713"
"41023","3","1","526.0","2012-04-25 18:46:43.713"
"41024","1","1","5.3","2012-04-25 18:46:53.766"
"41025","2","1","512.0","2012-04-25 18:46:53.766"
"41026","3","1","531.0","2012-04-25 18:46:53.766"
"41027","1","1","5.3","2012-04-25 18:47:03.812"
"41028","2","1","512.0","2012-04-25 18:47:03.812"
"41029","3","1","529.0","2012-04-25 18:47:03.812"
"41030","1","1","5.38","2012-04-25 18:47:13.87"
"41031","2","1","512.0","2012-04-25 18:47:13.871"
"41032","3","1","527.0","2012-04-25 18:47:13.871"
"41033","1","1","5.3","2012-04-25 18:47:23.953"
"41034","2","1","513.0","2012-04-25 18:47:23.953"
"41035","3","1","530.0","2012-04-25 18:47:23.953"
"41036","1","1","5.38","2012-04-25 18:47:34.035"
"41037","2","1","513.0","2012-04-25 18:47:34.035"
"41038","3","1","532.0","2012-04-25 18:47:34.036"
"41039","1","1","5.3","2012-04-25 18:47:44.07"
"41040","2","1","512.0","2012-04-25 18:47:44.078"
"41041","3","1","530.0","2012-04-25 18:47:44.079"
"41042","1","1","5.38","2012-04-25 18:47:54.152"
"41043","2","1","513.0","2012-04-25 18:47:54.153"
"41044","3","1","538.0","2012-04-25 18:47:54.153"
"41045","1","1","5.38","2012-04-25 18:48:04.235"
"41046","2","1","514.0","2012-04-25 18:48:04.235"
"41047","3","1","536.0","2012-04-25 18:48:04.236"
"41048","1","1","5.38","2012-04-25 18:48:14.258"
"41049","2","1","513.0","2012-04-25 18:48:14.258"
"41050","3","1","534.0","2012-04-25 18:48:14.258"
"41051","1","1","5.3","2012-04-25 18:48:24.34"
"41052","2","1","512.0","2012-04-25 18:48:24.34"
"41053","3","1","531.0","2012-04-25 18:48:24.34"
"41054","1","1","5.22","2012-04-25 18:48:34.349"
"41055","2","1","512.0","2012-04-25 18:48:34.349"
"41056","3","1","533.0","2012-04-25 18:48:34.35"
"41057","1","1","5.38","2012-04-25 18:48:44.401"
"41058","2","1","513.0","2012-04-25 18:48:44.402"
"41059","3","1","540.0","2012-04-25 18:48:44.402"
"41060","1","1","5.3","2012-04-25 18:48:54.519"
"41061","2","1","513.0","2012-04-25 18:48:54.519"
"41062","3","1","540.0","2012-04-25 18:48:54.519"
"41063","1","1","5.22","2012-04-25 18:49:04.517"
"41064","2","1","513.0","2012-04-25 18:49:04.517"
"41065","3","1","538.0","2012-04-25 18:49:04.517"
"41066","1","1","5.14","2012-04-25 18:49:14.622"
"41067","2","1","512.0","2012-04-25 18:49:14.63"
"41068","3","1","535.0","2012-04-25 18:49:14.63"
"41069","1","1","5.3","2012-04-25 18:49:24.677"
"41070","2","1","512.0","2012-04-25 18:49:24.677"
"41071","3","1","539.0","2012-04-25 18:49:24.677"
"41072","1","1","5.22","2012-04-25 18:49:34.692"
"41073","2","1","512.0","2012-04-25 18:49:34.692"
"41074","3","1","540.0","2012-04-25 18:49:34.693"
"41075","1","1","5.3","2012-04-25 18:49:44.817"
"41076","2","1","512.0","2012-04-25 18:49:44.817"
"41077","3","1","526.0","2012-04-25 18:49:44.818"
"41078","1","1","5.22","2012-04-25 18:49:54.901"
"41079","2","1","512.0","2012-04-25 18:49:54.902"
"41080","3","1","530.0","2012-04-25 18:49:54.902"
"41081","1","1","5.3","2012-04-25 18:50:04.895"
"41082","2","1","513.0","2012-04-25 18:50:04.895"
"41083","3","1","525.0","2012-04-25 18:50:04.896"
"41084","1","1","5.22","2012-04-25 18:50:14.929"
"41085","2","1","513.0","2012-04-25 18:50:14.929"
"41086","3","1","527.0","2012-04-25 18:50:14.929"
"41087","1","1","5.22","2012-04-25 18:50:25.0"
"41088","2","1","512.0","2012-04-25 18:50:25.0"
"41089","3","1","528.0","2012-04-25 18:50:25.001"
"41090","1","1","5.22","2012-04-25 18:50:35.115"
"41091","2","1","513.0","2012-04-25 18:50:35.116"
"41092","3","1","532.0","2012-04-25 18:50:35.116"
"41093","1","1","5.22","2012-04-25 18:50:45.107"
"41094","2","1","512.0","2012-04-25 18:50:45.115"
"41095","3","1","531.0","2012-04-25 18:50:45.116"
"41096","1","1","5.22","2012-04-25 18:50:55.22"
"41097","2","1","513.0","2012-04-25 18:50:55.22"
"41098","3","1","542.0","2012-04-25 18:50:55.22"
"41099","1","1","5.3","2012-04-25 18:51:05.244"
"41100","2","1","513.0","2012-04-25 18:51:05.244"
"41101","3","1","536.0","2012-04-25 18:51:05.245"
"41102","1","1","5.3","2012-04-25 18:51:15.281"
"41103","2","1","513.0","2012-04-25 18:51:15.281"
"41104","3","1","532.0","2012-04-25 18:51:15.281"
"41105","1","1","5.22","2012-04-25 18:51:25.352"
"41106","2","1","512.0","2012-04-25 18:51:25.352"
"41107","3","1","529.0","2012-04-25 18:51:25.352"
"41108","1","1","5.22","2012-04-25 18:51:35.412"
"41109","2","1","513.0","2012-04-25 18:51:35.412"
"41110","3","1","528.0","2012-04-25 18:51:35.412"
"41111","1","1","5.22","2012-04-25 18:51:45.528"
"41112","2","1","512.0","2012-04-25 18:51:45.528"
"41113","3","1","532.0","2012-04-25 18:51:45.529"
"41114","1","1","5.3","2012-04-25 18:51:55.58"
"41115","2","1","512.0","2012-04-25 18:51:55.58"
"41116","3","1","532.0","2012-04-25 18:51:55.58"
"41117","1","1","5.38","2012-04-25 18:52:05.632"
"41118","2","1","513.0","2012-04-25 18:52:05.633"
"41119","3","1","538.0","2012-04-25 18:52:05.633"
"41120","1","1","5.38","2012-04-25 18:52:15.644"
"41121","2","1","513.0","2012-04-25 18:52:15.652"
"41122","3","1","542.0","2012-04-25 18:52:15.653"
"41123","1","1","5.38","2012-04-25 18:52:25.707"
"41124","2","1","513.0","2012-04-25 18:52:25.707"
"41125","3","1","518.0","2012-04-25 18:52:25.707"
"41126","1","1","5.3","2012-04-25 18:52:35.783"
"41127","2","1","512.0","2012-04-25 18:52:35.783"
"41128","3","1","529.0","2012-04-25 18:52:35.784"
"41129","1","1","5.38","2012-04-25 18:52:45.867"
"41130","2","1","512.0","2012-04-25 18:52:45.867"
"41131","3","1","524.0","2012-04-25 18:52:45.868"
"41132","1","1","5.45","2012-04-25 18:52:55.92"
"41133","2","1","513.0","2012-04-25 18:52:55.921"
"41134","3","1","517.0","2012-04-25 18:52:55.921"
"41135","1","1","5.45","2012-04-25 18:53:05.973"
"41136","2","1","513.0","2012-04-25 18:53:05.974"
"41137","3","1","520.0","2012-04-25 18:53:05.974"
"41138","1","1","5.3","2012-04-25 18:53:15.987"
"41139","2","1","512.0","2012-04-25 18:53:15.987"
"41140","3","1","530.0","2012-04-25 18:53:15.988"
"41141","1","1","5.38","2012-04-25 18:53:26.108"
"41142","2","1","513.0","2012-04-25 18:53:26.108"
"41143","3","1","527.0","2012-04-25 18:53:26.108"
"41144","1","1","5.3","2012-04-25 18:53:36.173"
"41145","2","1","512.0","2012-04-25 18:53:36.173"
"41146","3","1","533.0","2012-04-25 18:53:36.173"
"41147","1","1","5.38","2012-04-25 18:53:46.254"
"41148","2","1","512.0","2012-04-25 18:53:46.262"
"41149","3","1","525.0","2012-04-25 18:53:46.262"
"41150","1","1","5.38","2012-04-25 18:53:56.276"
"41151","2","1","512.0","2012-04-25 18:53:56.277"
"41152","3","1","520.0","2012-04-25 18:53:56.277"
"41153","1","1","5.45","2012-04-25 18:54:06.293"
"41154","2","1","513.0","2012-04-25 18:54:06.293"
"41155","3","1","527.0","2012-04-25 18:54:06.293"
"41156","1","1","5.45","2012-04-25 18:54:16.38"
"41157","2","1","513.0","2012-04-25 18:54:16.38"
"41158","3","1","530.0","2012-04-25 18:54:16.38"
"41159","1","1","5.45","2012-04-25 18:54:26.461"
"41160","2","1","513.0","2012-04-25 18:54:26.461"
"41161","3","1","528.0","2012-04-25 18:54:26.461"
"41162","1","1","5.53","2012-04-25 18:54:36.516"
"41163","2","1","513.0","2012-04-25 18:54:36.517"
"41164","3","1","520.0","2012-04-25 18:54:36.517"
"41165","1","1","5.53","2012-04-25 18:54:46.529"
"41166","2","1","513.0","2012-04-25 18:54:46.53"
"41167","3","1","517.0","2012-04-25 18:54:46.53"
"41168","1","1","5.53","2012-04-25 18:54:56.62"
"41169","2","1","513.0","2012-04-25 18:54:56.62"
"41170","3","1","520.0","2012-04-25 18:54:56.62"
"41171","1","1","5.45","2012-04-25 18:55:06.672"
"41172","2","1","512.0","2012-04-25 18:55:06.672"
"41173","3","1","518.0","2012-04-25 18:55:06.672"
"41174","1","1","5.53","2012-04-25 18:55:16.704"
"41175","2","1","513.0","2012-04-25 18:55:16.711"
"41176","3","1","515.0","2012-04-25 18:55:16.711"
"41177","1","1","5.53","2012-04-25 18:55:26.763"
"41178","2","1","514.0","2012-04-25 18:55:26.763"
"41179","3","1","513.0","2012-04-25 18:55:26.763"
"41180","1","1","5.45","2012-04-25 18:55:36.884"
"41181","2","1","512.0","2012-04-25 18:55:36.884"
"41182","3","1","514.0","2012-04-25 18:55:36.884"
"41183","1","1","5.45","2012-04-25 18:55:46.872"
"41184","2","1","513.0","2012-04-25 18:55:46.872"
"41185","3","1","523.0","2012-04-25 18:55:46.872"
"41186","1","1","5.45","2012-04-25 18:55:56.961"
"41187","2","1","512.0","2012-04-25 18:55:56.961"
"41188","3","1","527.0","2012-04-25 18:55:56.962"
"41189","1","1","5.38","2012-04-25 18:56:07.073"
"41190","2","1","512.0","2012-04-25 18:56:07.074"
"41191","3","1","518.0","2012-04-25 18:56:07.074"
"41192","1","1","5.53","2012-04-25 18:56:17.065"
"41193","2","1","513.0","2012-04-25 18:56:17.065"
"41194","3","1","521.0","2012-04-25 18:56:17.065"
"41195","1","1","5.45","2012-04-25 18:56:27.146"
"41196","2","1","514.0","2012-04-25 18:56:27.147"
"41197","3","1","526.0","2012-04-25 18:56:27.147"
"41198","1","1","5.45","2012-04-25 18:56:37.201"
"41199","2","1","513.0","2012-04-25 18:56:37.201"
"41200","3","1","523.0","2012-04-25 18:56:37.202"
"41201","1","1","5.45","2012-04-25 18:56:47.225"
"41202","2","1","512.0","2012-04-25 18:56:47.23"
"41203","3","1","518.0","2012-04-25 18:56:47.23"
"41204","1","1","5.38","2012-04-25 18:56:57.305"
"41205","2","1","513.0","2012-04-25 18:56:57.306"
"41206","3","1","533.0","2012-04-25 18:56:57.306"
"41207","1","1","5.38","2012-04-25 18:57:07.342"
"41208","2","1","512.0","2012-04-25 18:57:07.343"
"41209","3","1","540.0","2012-04-25 18:57:07.343"
"41210","1","1","5.45","2012-04-25 18:57:17.439"
"41211","2","1","513.0","2012-04-25 18:57:17.439"
"41212","3","1","536.0","2012-04-25 18:57:17.44"
"41213","1","1","5.45","2012-04-25 18:57:27.458"
"41214","2","1","513.0","2012-04-25 18:57:27.458"
"41215","3","1","532.0","2012-04-25 18:57:27.459"
"41216","1","1","5.38","2012-04-25 18:57:37.616"
"41217","2","1","512.0","2012-04-25 18:57:37.616"
"41218","3","1","536.0","2012-04-25 18:57:37.616"
"41219","1","1","5.38","2012-04-25 18:57:47.667"
"41220","2","1","512.0","2012-04-25 18:57:47.668"
"41221","3","1","537.0","2012-04-25 18:57:47.668"
"41222","1","1","5.45","2012-04-25 18:57:57.646"
"41223","2","1","513.0","2012-04-25 18:57:57.647"
"41224","3","1","530.0","2012-04-25 18:57:57.647"
"41225","1","1","5.45","2012-04-25 18:58:07.775"
"41226","2","1","514.0","2012-04-25 18:58:07.776"
"41227","3","1","532.0","2012-04-25 18:58:07.776"
"41228","1","1","5.38","2012-04-25 18:58:17.763"
"41229","2","1","513.0","2012-04-25 18:58:17.776"
"41230","3","1","536.0","2012-04-25 18:58:17.776"
"41231","1","1","5.45","2012-04-25 18:58:27.851"
"41232","2","1","513.0","2012-04-25 18:58:27.851"
"41233","3","1","543.0","2012-04-25 18:58:27.851"
"41234","1","1","5.38","2012-04-25 18:58:37.926"
"41235","2","1","513.0","2012-04-25 18:58:37.926"
"41236","3","1","544.0","2012-04-25 18:58:37.926"
"41237","1","1","5.38","2012-04-25 18:58:47.931"
"41238","2","1","512.0","2012-04-25 18:58:47.932"
"41239","3","1","534.0","2012-04-25 18:58:47.932"
"41240","1","1","5.45","2012-04-25 18:58:58.028"
"41241","2","1","513.0","2012-04-25 18:58:58.029"
"41242","3","1","535.0","2012-04-25 18:58:58.029"
"41243","1","1","5.53","2012-04-25 18:59:08.047"
"41244","2","1","513.0","2012-04-25 18:59:08.047"
"41245","3","1","536.0","2012-04-25 18:59:08.048"
"41246","1","1","5.45","2012-04-25 18:59:18.106"
"41247","2","1","512.0","2012-04-25 18:59:18.106"
"41248","3","1","533.0","2012-04-25 18:59:18.107"
"41249","1","1","5.45","2012-04-25 18:59:28.215"
"41250","2","1","512.0","2012-04-25 18:59:28.215"
"41251","3","1","522.0","2012-04-25 18:59:28.215"
"41252","1","1","5.45","2012-04-25 18:59:38.271"
"41253","2","1","513.0","2012-04-25 18:59:38.271"
"41254","3","1","526.0","2012-04-25 18:59:38.271"
"41255","1","1","5.45","2012-04-25 18:59:48.293"
"41256","2","1","513.0","2012-04-25 18:59:48.301"
"41257","3","1","520.0","2012-04-25 18:59:48.301"
"41258","1","1","5.38","2012-04-25 18:59:58.405"
"41259","2","1","513.0","2012-04-25 18:59:58.405"
"41260","3","1","528.0","2012-04-25 18:59:58.405"
"41261","1","1","5.45","2012-04-25 19:00:08.458"
"41262","2","1","513.0","2012-04-25 19:00:08.458"
"41263","3","1","526.0","2012-04-25 19:00:08.458"
"41264","1","1","5.38","2012-04-25 19:00:18.489"
"41265","2","1","513.0","2012-04-25 19:00:18.489"
"41266","3","1","530.0","2012-04-25 19:00:18.489"
"41267","1","1","5.38","2012-04-25 19:00:28.532"
"41268","2","1","512.0","2012-04-25 19:00:28.532"
"41269","3","1","534.0","2012-04-25 19:00:28.532"
"41270","1","1","5.3","2012-04-25 19:00:38.599"
"41271","2","1","512.0","2012-04-25 19:00:38.599"
"41272","3","1","529.0","2012-04-25 19:00:38.599"
"41273","1","1","5.38","2012-04-25 19:00:48.651"
"41274","2","1","512.0","2012-04-25 19:00:48.651"
"41275","3","1","528.0","2012-04-25 19:00:48.652"
"41276","1","1","5.38","2012-04-25 19:00:58.733"
"41277","2","1","513.0","2012-04-25 19:00:58.734"
"41278","3","1","529.0","2012-04-25 19:00:58.734"
"41279","1","1","5.38","2012-04-25 19:01:08.785"
"41280","2","1","512.0","2012-04-25 19:01:08.785"
"41281","3","1","537.0","2012-04-25 19:01:08.786"
"41282","1","1","5.45","2012-04-25 19:01:18.897"
"41283","2","1","513.0","2012-04-25 19:01:18.904"
"41284","3","1","527.0","2012-04-25 19:01:18.905"
"41285","1","1","5.38","2012-04-25 19:01:28.89"
"41286","2","1","513.0","2012-04-25 19:01:28.89"
"41287","3","1","534.0","2012-04-25 19:01:28.89"
"41288","1","1","5.45","2012-04-25 19:01:38.968"
"41289","2","1","512.0","2012-04-25 19:01:38.968"
"41290","3","1","540.0","2012-04-25 19:01:38.969"
"41291","1","1","5.38","2012-04-25 19:01:49.021"
"41292","2","1","512.0","2012-04-25 19:01:49.022"
"41293","3","1","531.0","2012-04-25 19:01:49.022"
"41294","1","1","5.45","2012-04-25 19:01:58.876"
"41295","2","1","513.0","2012-04-25 19:01:58.876"
"41296","3","1","534.0","2012-04-25 19:01:58.877"
"41297","1","1","5.38","2012-04-25 19:02:08.953"
"41298","2","1","512.0","2012-04-25 19:02:08.953"
"41299","3","1","542.0","2012-04-25 19:02:08.953"
"41300","1","1","5.38","2012-04-25 19:02:19.065"
"41301","2","1","513.0","2012-04-25 19:02:19.065"
"41302","3","1","531.0","2012-04-25 19:02:19.065"
"41303","1","1","5.45","2012-04-25 19:02:29.056"
"41304","2","1","513.0","2012-04-25 19:02:29.057"
"41305","3","1","537.0","2012-04-25 19:02:29.057"
"41306","1","1","5.45","2012-04-25 19:02:39.168"
"41307","2","1","513.0","2012-04-25 19:02:39.168"
"41308","3","1","531.0","2012-04-25 19:02:39.168"
"41309","1","1","5.45","2012-04-25 19:02:49.189"
"41310","2","1","513.0","2012-04-25 19:02:49.197"
"41311","3","1","530.0","2012-04-25 19:02:49.197"
"41312","1","1","5.45","2012-04-25 19:02:59.23"
"41313","2","1","512.0","2012-04-25 19:02:59.23"
"41314","3","1","528.0","2012-04-25 19:02:59.23"
"41315","1","1","5.45","2012-04-25 19:03:09.299"
"41316","2","1","513.0","2012-04-25 19:03:09.299"
"41317","3","1","532.0","2012-04-25 19:03:09.299"
"41318","1","1","5.53","2012-04-25 19:03:19.346"
"41319","2","1","513.0","2012-04-25 19:03:19.346"
"41320","3","1","536.0","2012-04-25 19:03:19.347"
"41321","1","1","5.45","2012-04-25 19:03:29.404"
"41322","2","1","512.0","2012-04-25 19:03:29.404"
"41323","3","1","527.0","2012-04-25 19:03:29.404"
"41324","1","1","5.45","2012-04-25 19:03:39.462"
"41325","2","1","513.0","2012-04-25 19:03:39.462"
"41326","3","1","526.0","2012-04-25 19:03:39.462"
"41327","1","1","5.53","2012-04-25 19:03:49.535"
"41328","2","1","513.0","2012-04-25 19:03:49.536"
"41329","3","1","531.0","2012-04-25 19:03:49.536"
"41330","1","1","5.45","2012-04-25 19:03:59.621"
"41331","2","1","513.0","2012-04-25 19:03:59.621"
"41332","3","1","532.0","2012-04-25 19:03:59.621"
"41333","1","1","5.53","2012-04-25 19:04:09.641"
"41334","2","1","513.0","2012-04-25 19:04:09.642"
"41335","3","1","530.0","2012-04-25 19:04:09.642"
"41336","1","1","5.53","2012-04-25 19:04:19.699"
"41337","2","1","513.0","2012-04-25 19:04:19.714"
"41338","3","1","535.0","2012-04-25 19:04:19.714"
"41339","1","1","5.53","2012-04-25 19:04:29.778"
"41340","2","1","513.0","2012-04-25 19:04:29.778"
"41341","3","1","542.0","2012-04-25 19:04:29.778"
"41342","1","1","5.45","2012-04-25 19:04:39.859"
"41343","2","1","513.0","2012-04-25 19:04:39.859"
"41344","3","1","546.0","2012-04-25 19:04:39.859"
"41345","1","1","5.53","2012-04-25 19:04:49.873"
"41346","2","1","513.0","2012-04-25 19:04:49.874"
"41347","3","1","547.0","2012-04-25 19:04:49.874"
"41348","1","1","5.38","2012-04-25 19:04:59.966"
"41349","2","1","512.0","2012-04-25 19:04:59.966"
"41350","3","1","541.0","2012-04-25 19:04:59.966"
"41351","1","1","5.45","2012-04-25 19:05:09.994"
"41352","2","1","513.0","2012-04-25 19:05:09.994"
"41353","3","1","539.0","2012-04-25 19:05:09.994"
"41354","1","1","5.45","2012-04-25 19:05:20.052"
"41355","2","1","512.0","2012-04-25 19:05:20.052"
"41356","3","1","543.0","2012-04-25 19:05:20.052"
"41357","1","1","5.45","2012-04-25 19:05:30.121"
"41358","2","1","512.0","2012-04-25 19:05:30.121"
"41359","3","1","551.0","2012-04-25 19:05:30.122"
"41360","1","1","5.45","2012-04-25 19:05:40.168"
"41361","2","1","512.0","2012-04-25 19:05:40.169"
"41362","3","1","554.0","2012-04-25 19:05:40.169"
"41363","1","1","5.53","2012-04-25 19:05:50.226"
"41364","2","1","513.0","2012-04-25 19:05:50.233"
"41365","3","1","555.0","2012-04-25 19:05:50.233"
"41366","1","1","5.45","2012-04-25 19:06:00.34"
"41367","2","1","512.0","2012-04-25 19:06:00.341"
"41368","3","1","551.0","2012-04-25 19:06:00.341"
"41369","1","1","5.45","2012-04-25 19:06:10.392"
"41370","2","1","513.0","2012-04-25 19:06:10.392"
"41371","3","1","545.0","2012-04-25 19:06:10.392"
"41372","1","1","5.45","2012-04-25 19:06:20.405"
"41373","2","1","513.0","2012-04-25 19:06:20.405"
"41374","3","1","552.0","2012-04-25 19:06:20.405"
"41375","1","1","5.45","2012-04-25 19:06:30.554"
"41376","2","1","513.0","2012-04-25 19:06:30.554"
"41377","3","1","558.0","2012-04-25 19:06:30.555"
"41378","1","1","5.45","2012-04-25 19:06:40.577"
"41379","2","1","513.0","2012-04-25 19:06:40.577"
"41380","3","1","556.0","2012-04-25 19:06:40.577"
"41381","1","1","5.45","2012-04-25 19:06:50.58"
"41382","2","1","513.0","2012-04-25 19:06:50.581"
"41383","3","1","557.0","2012-04-25 19:06:50.581"
"41384","1","1","5.38","2012-04-25 19:07:00.641"
"41385","2","1","512.0","2012-04-25 19:07:00.642"
"41386","3","1","555.0","2012-04-25 19:07:00.642"
"41387","1","1","5.45","2012-04-25 19:07:10.766"
"41388","2","1","513.0","2012-04-25 19:07:10.766"
"41389","3","1","557.0","2012-04-25 19:07:10.766"
"41390","1","1","5.45","2012-04-25 19:07:20.79"
"41391","2","1","513.0","2012-04-25 19:07:20.798"
"41392","3","1","554.0","2012-04-25 19:07:20.798"
"41393","1","1","5.45","2012-04-25 19:07:30.873"
"41394","2","1","513.0","2012-04-25 19:07:30.873"
"41395","3","1","547.0","2012-04-25 19:07:30.874"
"41396","1","1","5.38","2012-04-25 19:07:40.955"
"41397","2","1","512.0","2012-04-25 19:07:40.955"
"41398","3","1","556.0","2012-04-25 19:07:40.955"
"41399","1","1","5.38","2012-04-25 19:07:50.976"
"41400","2","1","513.0","2012-04-25 19:07:50.977"
"41401","3","1","555.0","2012-04-25 19:07:50.977"
"41402","1","1","5.3","2012-04-25 19:08:01.072"
"41403","2","1","512.0","2012-04-25 19:08:01.072"
"41404","3","1","543.0","2012-04-25 19:08:01.072"
"41405","1","1","5.38","2012-04-25 19:08:11.063"
"41406","2","1","513.0","2012-04-25 19:08:11.063"
"41407","3","1","547.0","2012-04-25 19:08:11.063"
"41408","1","1","5.38","2012-04-25 19:08:21.122"
"41409","2","1","513.0","2012-04-25 19:08:21.122"
"41410","3","1","548.0","2012-04-25 19:08:21.122"
"41411","1","1","5.3","2012-04-25 19:08:31.196"
"41412","2","1","512.0","2012-04-25 19:08:31.197"
"41413","3","1","548.0","2012-04-25 19:08:31.197"
"41414","1","1","5.38","2012-04-25 19:08:41.278"
"41415","2","1","513.0","2012-04-25 19:08:41.278"
"41416","3","1","542.0","2012-04-25 19:08:41.279"
"41417","1","1","5.3","2012-04-25 19:08:51.329"
"41418","2","1","513.0","2012-04-25 19:08:51.337"
"41419","3","1","548.0","2012-04-25 19:08:51.337"
"41420","1","1","5.38","2012-04-25 19:09:01.415"
"41421","2","1","513.0","2012-04-25 19:09:01.415"
"41422","3","1","548.0","2012-04-25 19:09:01.415"
"41423","1","1","5.38","2012-04-25 19:09:11.417"
"41424","2","1","513.0","2012-04-25 19:09:11.417"
"41425","3","1","530.0","2012-04-25 19:09:11.417"
"41426","1","1","5.3","2012-04-25 19:09:21.474"
"41427","2","1","512.0","2012-04-25 19:09:21.474"
"41428","3","1","532.0","2012-04-25 19:09:21.474"
"41429","1","1","5.3","2012-04-25 19:09:31.533"
"41430","2","1","512.0","2012-04-25 19:09:31.533"
"41431","3","1","536.0","2012-04-25 19:09:31.533"
"41432","1","1","5.3","2012-04-25 19:09:41.595"
"41433","2","1","513.0","2012-04-25 19:09:41.596"
"41434","3","1","544.0","2012-04-25 19:09:41.596"
"41435","1","1","5.3","2012-04-25 19:09:51.708"
"41436","2","1","513.0","2012-04-25 19:09:51.709"
"41437","3","1","541.0","2012-04-25 19:09:51.709"
"41438","1","1","5.3","2012-04-25 19:10:01.754"
"41439","2","1","513.0","2012-04-25 19:10:01.754"
"41440","3","1","549.0","2012-04-25 19:10:01.754"
"41441","1","1","5.3","2012-04-25 19:10:11.759"
"41442","2","1","513.0","2012-04-25 19:10:11.76"
"41443","3","1","543.0","2012-04-25 19:10:11.76"
"41444","1","1","5.22","2012-04-25 19:10:21.857"
"41445","2","1","513.0","2012-04-25 19:10:21.865"
"41446","3","1","539.0","2012-04-25 19:10:21.865"
"41447","1","1","5.22","2012-04-25 19:10:31.876"
"41448","2","1","513.0","2012-04-25 19:10:31.877"
"41449","3","1","537.0","2012-04-25 19:10:31.938"
"41450","1","1","5.22","2012-04-25 19:10:41.961"
"41451","2","1","513.0","2012-04-25 19:10:41.962"
"41452","3","1","539.0","2012-04-25 19:10:41.962"
"41453","1","1","5.22","2012-04-25 19:10:52.013"
"41454","2","1","513.0","2012-04-25 19:10:52.014"
"41455","3","1","542.0","2012-04-25 19:10:52.014"
"41456","1","1","5.22","2012-04-25 19:11:02.055"
"41457","2","1","512.0","2012-04-25 19:11:02.056"
"41458","3","1","550.0","2012-04-25 19:11:02.056"
"41459","1","1","5.38","2012-04-25 19:11:12.121"
"41460","2","1","514.0","2012-04-25 19:11:12.121"
"41461","3","1","548.0","2012-04-25 19:11:12.121"
"41462","1","1","5.38","2012-04-25 19:11:22.232"
"41463","2","1","513.0","2012-04-25 19:11:22.233"
"41464","3","1","537.0","2012-04-25 19:11:22.233"
"41465","1","1","5.3","2012-04-25 19:11:32.314"
"41466","2","1","512.0","2012-04-25 19:11:32.314"
"41467","3","1","543.0","2012-04-25 19:11:32.314"
"41468","1","1","5.3","2012-04-25 19:11:42.289"
"41469","2","1","512.0","2012-04-25 19:11:42.289"
"41470","3","1","547.0","2012-04-25 19:11:42.29"
"41471","1","1","5.3","2012-04-25 19:11:52.361"
"41472","2","1","512.0","2012-04-25 19:11:52.368"
"41473","3","1","551.0","2012-04-25 19:11:52.369"
"41474","1","1","5.38","2012-04-25 19:12:02.428"
"41475","2","1","512.0","2012-04-25 19:12:02.429"
"41476","3","1","549.0","2012-04-25 19:12:02.429"
"41477","1","1","5.38","2012-04-25 19:12:12.481"
"41478","2","1","513.0","2012-04-25 19:12:12.481"
"41479","3","1","549.0","2012-04-25 19:12:12.482"
"41480","1","1","5.38","2012-04-25 19:12:22.562"
"41481","2","1","513.0","2012-04-25 19:12:22.563"
"41482","3","1","538.0","2012-04-25 19:12:22.563"
"41483","1","1","5.38","2012-04-25 19:12:32.614"
"41484","2","1","513.0","2012-04-25 19:12:32.614"
"41485","3","1","547.0","2012-04-25 19:12:32.614"
"41486","1","1","5.38","2012-04-25 19:12:42.652"
"41487","2","1","512.0","2012-04-25 19:12:42.652"
"41488","3","1","545.0","2012-04-25 19:12:42.652"
"41489","1","1","5.38","2012-04-25 19:12:52.709"
"41490","2","1","513.0","2012-04-25 19:12:52.71"
"41491","3","1","545.0","2012-04-25 19:12:52.71"
"41492","1","1","5.38","2012-04-25 19:13:02.674"
"41493","2","1","512.0","2012-04-25 19:13:02.674"
"41494","3","1","544.0","2012-04-25 19:13:02.674"
"41495","1","1","5.38","2012-04-25 19:13:12.73"
"41496","2","1","512.0","2012-04-25 19:13:12.73"
"41497","3","1","538.0","2012-04-25 19:13:12.73"
"41498","1","1","5.45","2012-04-25 19:13:22.839"
"41499","2","1","513.0","2012-04-25 19:13:22.847"
"41500","3","1","541.0","2012-04-25 19:13:22.847"
"41501","1","1","5.45","2012-04-25 19:13:32.921"
"41502","2","1","513.0","2012-04-25 19:13:32.922"
"41503","3","1","541.0","2012-04-25 19:13:32.922"
"41504","1","1","5.38","2012-04-25 19:13:42.904"
"41505","2","1","512.0","2012-04-25 19:13:42.904"
"41506","3","1","530.0","2012-04-25 19:13:42.904"
"41507","1","1","5.38","2012-04-25 19:13:52.963"
"41508","2","1","512.0","2012-04-25 19:13:52.963"
"41509","3","1","522.0","2012-04-25 19:13:52.963"
"41510","1","1","5.45","2012-04-25 19:14:03.115"
"41511","2","1","513.0","2012-04-25 19:14:03.115"
"41512","3","1","531.0","2012-04-25 19:14:03.116"
"41513","1","1","5.45","2012-04-25 19:14:13.172"
"41514","2","1","513.0","2012-04-25 19:14:13.172"
"41515","3","1","524.0","2012-04-25 19:14:13.173"
"41516","1","1","5.38","2012-04-25 19:14:23.232"
"41517","2","1","512.0","2012-04-25 19:14:23.232"
"41518","3","1","539.0","2012-04-25 19:14:23.233"
"41519","1","1","5.38","2012-04-25 19:14:33.289"
"41520","2","1","512.0","2012-04-25 19:14:33.289"
"41521","3","1","529.0","2012-04-25 19:14:33.289"
"41522","1","1","5.38","2012-04-25 19:14:43.385"
"41523","2","1","512.0","2012-04-25 19:14:43.385"
"41524","3","1","541.0","2012-04-25 19:14:43.385"
"41525","1","1","5.45","2012-04-25 19:14:53.409"
"41526","2","1","513.0","2012-04-25 19:14:53.417"
"41527","3","1","531.0","2012-04-25 19:14:53.417"
"41528","1","1","5.45","2012-04-25 19:15:03.497"
"41529","2","1","513.0","2012-04-25 19:15:03.497"
"41530","3","1","543.0","2012-04-25 19:15:03.497"
"41531","1","1","5.45","2012-04-25 19:15:13.526"
"41532","2","1","513.0","2012-04-25 19:15:13.526"
"41533","3","1","537.0","2012-04-25 19:15:13.526"
"41534","1","1","5.45","2012-04-25 19:15:23.584"
"41535","2","1","513.0","2012-04-25 19:15:23.584"
"41536","3","1","529.0","2012-04-25 19:15:23.584"
"41537","1","1","5.45","2012-04-25 19:15:33.716"
"41538","2","1","513.0","2012-04-25 19:15:33.717"
"41539","3","1","542.0","2012-04-25 19:15:33.717"
"41540","1","1","5.45","2012-04-25 19:15:43.699"
"41541","2","1","513.0","2012-04-25 19:15:43.7"
"41542","3","1","532.0","2012-04-25 19:15:43.7"
"41543","1","1","5.38","2012-04-25 19:15:53.825"
"41544","2","1","512.0","2012-04-25 19:15:53.825"
"41545","3","1","532.0","2012-04-25 19:15:53.825"
"41546","1","1","5.38","2012-04-25 19:16:03.877"
"41547","2","1","512.0","2012-04-25 19:16:03.877"
"41548","3","1","543.0","2012-04-25 19:16:03.877"
"41549","1","1","5.45","2012-04-25 19:16:13.898"
"41550","2","1","513.0","2012-04-25 19:16:13.899"
"41551","3","1","541.0","2012-04-25 19:16:13.899"
"41552","1","1","5.38","2012-04-25 19:16:23.937"
"41553","2","1","512.0","2012-04-25 19:16:24.009"
"41554","3","1","533.0","2012-04-25 19:16:24.009"
"41555","1","1","5.45","2012-04-25 19:16:33.995"
"41556","2","1","513.0","2012-04-25 19:16:33.995"
"41557","3","1","535.0","2012-04-25 19:16:33.995"
"41558","1","1","5.38","2012-04-25 19:16:44.053"
"41559","2","1","512.0","2012-04-25 19:16:44.054"
"41560","3","1","535.0","2012-04-25 19:16:44.054"
"41561","1","1","5.38","2012-04-25 19:16:54.184"
"41562","2","1","513.0","2012-04-25 19:16:54.184"
"41563","3","1","539.0","2012-04-25 19:16:54.184"
"41564","1","1","5.38","2012-04-25 19:17:04.237"
"41565","2","1","513.0","2012-04-25 19:17:04.237"
"41566","3","1","533.0","2012-04-25 19:17:04.237"
"41567","1","1","5.38","2012-04-25 19:17:14.289"
"41568","2","1","513.0","2012-04-25 19:17:14.289"
"41569","3","1","531.0","2012-04-25 19:17:14.289"
"41570","1","1","5.3","2012-04-25 19:17:24.3"
"41571","2","1","512.0","2012-04-25 19:17:24.301"
"41572","3","1","534.0","2012-04-25 19:17:24.301"
"41573","1","1","5.3","2012-04-25 19:17:34.358"
"41574","2","1","512.0","2012-04-25 19:17:34.358"
"41575","3","1","533.0","2012-04-25 19:17:34.359"
"41576","1","1","5.3","2012-04-25 19:17:44.446"
"41577","2","1","512.0","2012-04-25 19:17:44.446"
"41578","3","1","535.0","2012-04-25 19:17:44.447"
"41579","1","1","5.38","2012-04-25 19:17:54.581"
"41580","2","1","513.0","2012-04-25 19:17:54.589"
"41581","3","1","539.0","2012-04-25 19:17:54.589"
"41582","1","1","5.38","2012-04-25 19:18:04.543"
"41583","2","1","513.0","2012-04-25 19:18:04.543"
"41584","3","1","540.0","2012-04-25 19:18:04.543"
"41585","1","1","5.3","2012-04-25 19:18:14.626"
"41586","2","1","512.0","2012-04-25 19:18:14.626"
"41587","3","1","531.0","2012-04-25 19:18:14.626"
"41588","1","1","5.38","2012-04-25 19:18:24.648"
"41589","2","1","514.0","2012-04-25 19:18:24.648"
"41590","3","1","542.0","2012-04-25 19:18:24.648"
"41591","1","1","5.38","2012-04-25 19:18:34.789"
"41592","2","1","513.0","2012-04-25 19:18:34.789"
"41593","3","1","543.0","2012-04-25 19:18:34.79"
"41594","1","1","5.38","2012-04-25 19:18:44.781"
"41595","2","1","513.0","2012-04-25 19:18:44.781"
"41596","3","1","536.0","2012-04-25 19:18:44.781"
"41597","1","1","5.38","2012-04-25 19:18:54.866"
"41598","2","1","513.0","2012-04-25 19:18:54.867"
"41599","3","1","535.0","2012-04-25 19:18:54.867"
"41600","1","1","5.38","2012-04-25 19:19:04.881"
"41601","2","1","513.0","2012-04-25 19:19:04.881"
"41602","3","1","544.0","2012-04-25 19:19:04.881"
"41603","1","1","5.3","2012-04-25 19:19:14.941"
"41604","2","1","513.0","2012-04-25 19:19:14.941"
"41605","3","1","544.0","2012-04-25 19:19:14.941"
"41606","1","1","5.22","2012-04-25 19:19:24.997"
"41607","2","1","512.0","2012-04-25 19:19:25.011"
"41608","3","1","535.0","2012-04-25 19:19:25.011"
"41609","1","1","5.3","2012-04-25 19:19:35.105"
"41610","2","1","513.0","2012-04-25 19:19:35.105"
"41611","3","1","534.0","2012-04-25 19:19:35.105"
"41612","1","1","5.3","2012-04-25 19:19:45.126"
"41613","2","1","513.0","2012-04-25 19:19:45.126"
"41614","3","1","533.0","2012-04-25 19:19:45.126"
"41615","1","1","5.3","2012-04-25 19:19:55.181"
"41616","2","1","513.0","2012-04-25 19:19:55.181"
"41617","3","1","532.0","2012-04-25 19:19:55.181"
"41618","1","1","5.22","2012-04-25 19:20:05.233"
"41619","2","1","512.0","2012-04-25 19:20:05.233"
"41620","3","1","534.0","2012-04-25 19:20:05.234"
"41621","1","1","5.3","2012-04-25 19:20:15.292"
"41622","2","1","513.0","2012-04-25 19:20:15.292"
"41623","3","1","538.0","2012-04-25 19:20:15.292"
"41624","1","1","5.22","2012-04-25 19:20:25.397"
"41625","2","1","512.0","2012-04-25 19:20:25.397"
"41626","3","1","543.0","2012-04-25 19:20:25.398"
"41627","1","1","5.3","2012-04-25 19:20:35.419"
"41628","2","1","513.0","2012-04-25 19:20:35.419"
"41629","3","1","543.0","2012-04-25 19:20:35.419"
"41630","1","1","5.3","2012-04-25 19:20:45.467"
"41631","2","1","513.0","2012-04-25 19:20:45.467"
"41632","3","1","534.0","2012-04-25 19:20:45.467"
"41633","1","1","5.3","2012-04-25 19:20:55.528"
"41634","2","1","513.0","2012-04-25 19:20:55.543"
"41635","3","1","536.0","2012-04-25 19:20:55.543"
"41636","1","1","5.3","2012-04-25 19:21:05.616"
"41637","2","1","512.0","2012-04-25 19:21:05.616"
"41638","3","1","542.0","2012-04-25 19:21:05.616"
"41639","1","1","5.38","2012-04-25 19:21:15.69"
"41640","2","1","513.0","2012-04-25 19:21:15.69"
"41641","3","1","533.0","2012-04-25 19:21:15.691"
"41642","1","1","5.3","2012-04-25 19:21:25.712"
"41643","2","1","513.0","2012-04-25 19:21:25.712"
"41644","3","1","537.0","2012-04-25 19:21:25.712"
"41645","1","1","5.22","2012-04-25 19:21:35.761"
"41646","2","1","512.0","2012-04-25 19:21:35.761"
"41647","3","1","549.0","2012-04-25 19:21:35.761"
"41648","1","1","5.3","2012-04-25 19:21:45.845"
"41649","2","1","513.0","2012-04-25 19:21:45.846"
"41650","3","1","545.0","2012-04-25 19:21:45.846"
"41651","1","1","5.3","2012-04-25 19:21:55.93"
"41652","2","1","513.0","2012-04-25 19:21:55.93"
"41653","3","1","537.0","2012-04-25 19:21:55.93"
"41654","1","1","5.22","2012-04-25 19:22:05.982"
"41655","2","1","512.0","2012-04-25 19:22:05.982"
"41656","3","1","539.0","2012-04-25 19:22:05.983"
"41657","1","1","5.3","2012-04-25 19:22:16.034"
"41658","2","1","513.0","2012-04-25 19:22:16.035"
"41659","3","1","549.0","2012-04-25 19:22:16.035"
"41660","1","1","5.38","2012-04-25 19:22:26.115"
"41661","2","1","513.0","2012-04-25 19:22:26.124"
"41662","3","1","540.0","2012-04-25 19:22:26.124"
"41663","1","1","5.38","2012-04-25 19:22:36.114"
"41664","2","1","513.0","2012-04-25 19:22:36.114"
"41665","3","1","547.0","2012-04-25 19:22:36.115"
"41666","1","1","5.3","2012-04-25 19:22:46.189"
"41667","2","1","512.0","2012-04-25 19:22:46.189"
"41668","3","1","535.0","2012-04-25 19:22:46.19"
"41669","1","1","5.3","2012-04-25 19:22:56.234"
"41670","2","1","512.0","2012-04-25 19:22:56.234"
"41671","3","1","546.0","2012-04-25 19:22:56.234"
"41672","1","1","5.38","2012-04-25 19:23:06.308"
"41673","2","1","513.0","2012-04-25 19:23:06.308"
"41674","3","1","539.0","2012-04-25 19:23:06.308"
"41675","1","1","5.3","2012-04-25 19:23:16.409"
"41676","2","1","512.0","2012-04-25 19:23:16.409"
"41677","3","1","545.0","2012-04-25 19:23:16.409"
"41678","1","1","5.3","2012-04-25 19:23:26.409"
"41679","2","1","513.0","2012-04-25 19:23:26.409"
"41680","3","1","546.0","2012-04-25 19:23:26.409"
"41681","1","1","5.22","2012-04-25 19:23:36.466"
"41682","2","1","512.0","2012-04-25 19:23:36.466"
"41683","3","1","537.0","2012-04-25 19:23:36.466"
"41684","1","1","5.38","2012-04-25 19:23:46.594"
"41685","2","1","513.0","2012-04-25 19:23:46.594"
"41686","3","1","538.0","2012-04-25 19:23:46.594"
"41687","1","1","5.3","2012-04-25 19:23:56.596"
"41688","2","1","513.0","2012-04-25 19:23:56.607"
"41689","3","1","543.0","2012-04-25 19:23:56.607"
"41690","1","1","5.3","2012-04-25 19:24:06.681"
"41691","2","1","512.0","2012-04-25 19:24:06.681"
"41692","3","1","548.0","2012-04-25 19:24:06.681"
"41693","1","1","5.3","2012-04-25 19:24:16.732"
"41694","2","1","512.0","2012-04-25 19:24:16.733"
"41695","3","1","535.0","2012-04-25 19:24:16.733"
"41696","1","1","5.3","2012-04-25 19:24:26.815"
"41697","2","1","513.0","2012-04-25 19:24:26.815"
"41698","3","1","540.0","2012-04-25 19:24:26.815"
"41699","1","1","5.38","2012-04-25 19:24:36.83"
"41700","2","1","513.0","2012-04-25 19:24:36.83"
"41701","3","1","543.0","2012-04-25 19:24:36.83"
"41702","1","1","5.3","2012-04-25 19:24:46.918"
"41703","2","1","512.0","2012-04-25 19:24:46.919"
"41704","3","1","543.0","2012-04-25 19:24:46.919"
"41705","1","1","5.38","2012-04-25 19:24:56.95"
"41706","2","1","513.0","2012-04-25 19:24:56.95"
"41707","3","1","537.0","2012-04-25 19:24:56.95"
"41708","1","1","5.38","2012-04-25 19:25:07.008"
"41709","2","1","513.0","2012-04-25 19:25:07.008"
"41710","3","1","537.0","2012-04-25 19:25:07.008"
"41711","1","1","5.45","2012-04-25 19:25:17.107"
"41712","2","1","513.0","2012-04-25 19:25:17.107"
"41713","3","1","538.0","2012-04-25 19:25:17.107"
"41714","1","1","5.38","2012-04-25 19:25:27.13"
"41715","2","1","512.0","2012-04-25 19:25:27.138"
"41716","3","1","541.0","2012-04-25 19:25:27.138"
"41717","1","1","5.38","2012-04-25 19:25:37.212"
"41718","2","1","513.0","2012-04-25 19:25:37.212"
"41719","3","1","547.0","2012-04-25 19:25:37.212"
"41720","1","1","5.3","2012-04-25 19:25:47.293"
"41721","2","1","512.0","2012-04-25 19:25:47.294"
"41722","3","1","545.0","2012-04-25 19:25:47.294"
"41723","1","1","5.38","2012-04-25 19:25:57.308"
"41724","2","1","513.0","2012-04-25 19:25:57.309"
"41725","3","1","536.0","2012-04-25 19:25:57.309"
"41726","1","1","5.38","2012-04-25 19:26:07.351"
"41727","2","1","513.0","2012-04-25 19:26:07.351"
"41728","3","1","543.0","2012-04-25 19:26:07.351"
"41729","1","1","5.38","2012-04-25 19:26:17.442"
"41730","2","1","513.0","2012-04-25 19:26:17.442"
"41731","3","1","542.0","2012-04-25 19:26:17.442"
"41732","1","1","5.38","2012-04-25 19:26:27.467"
"41733","2","1","513.0","2012-04-25 19:26:27.467"
"41734","3","1","538.0","2012-04-25 19:26:27.467"
"41735","1","1","5.38","2012-04-25 19:26:37.549"
"41736","2","1","513.0","2012-04-25 19:26:37.549"
"41737","3","1","543.0","2012-04-25 19:26:37.549"
"41738","1","1","5.38","2012-04-25 19:26:47.664"
"41739","2","1","513.0","2012-04-25 19:26:47.664"
"41740","3","1","556.0","2012-04-25 19:26:47.664"
"41741","1","1","5.3","2012-04-25 19:26:57.731"
"41742","2","1","513.0","2012-04-25 19:26:57.739"
"41743","3","1","552.0","2012-04-25 19:26:57.74"
"41744","1","1","5.22","2012-04-25 19:27:07.754"
"41745","2","1","512.0","2012-04-25 19:27:07.754"
"41746","3","1","542.0","2012-04-25 19:27:07.754"
"41747","1","1","5.22","2012-04-25 19:27:17.776"
"41748","2","1","512.0","2012-04-25 19:27:17.776"
"41749","3","1","549.0","2012-04-25 19:27:17.776"
"41750","1","1","5.3","2012-04-25 19:27:27.831"
"41751","2","1","512.0","2012-04-25 19:27:27.831"
"41752","3","1","553.0","2012-04-25 19:27:27.831"
"41753","1","1","5.3","2012-04-25 19:27:37.888"
"41754","2","1","512.0","2012-04-25 19:27:37.889"
"41755","3","1","539.0","2012-04-25 19:27:37.889"
"41756","1","1","5.3","2012-04-25 19:27:47.947"
"41757","2","1","513.0","2012-04-25 19:27:47.948"
"41758","3","1","547.0","2012-04-25 19:27:47.948"
"41759","1","1","5.3","2012-04-25 19:27:57.919"
"41760","2","1","513.0","2012-04-25 19:27:57.92"
"41761","3","1","537.0","2012-04-25 19:27:57.92"
"41762","1","1","5.3","2012-04-25 19:28:08.007"
"41763","2","1","513.0","2012-04-25 19:28:08.008"
"41764","3","1","541.0","2012-04-25 19:28:08.008"
"41765","1","1","5.38","2012-04-25 19:28:18.035"
"41766","2","1","513.0","2012-04-25 19:28:18.035"
"41767","3","1","554.0","2012-04-25 19:28:18.036"
"41768","1","1","5.38","2012-04-25 19:28:28.111"
"41769","2","1","513.0","2012-04-25 19:28:28.119"
"41770","3","1","544.0","2012-04-25 19:28:28.119"
"41771","1","1","5.3","2012-04-25 19:28:38.193"
"41772","2","1","513.0","2012-04-25 19:28:38.193"
"41773","3","1","548.0","2012-04-25 19:28:38.193"
"41774","1","1","5.38","2012-04-25 19:28:48.21"
"41775","2","1","513.0","2012-04-25 19:28:48.211"
"41776","3","1","545.0","2012-04-25 19:28:48.211"
"41777","1","1","5.38","2012-04-25 19:28:58.389"
"41778","2","1","513.0","2012-04-25 19:28:58.389"
"41779","3","1","541.0","2012-04-25 19:28:58.389"
"41780","1","1","5.38","2012-04-25 19:29:08.502"
"41781","2","1","513.0","2012-04-25 19:29:08.502"
"41782","3","1","550.0","2012-04-25 19:29:08.502"
"41783","1","1","5.3","2012-04-25 19:29:18.493"
"41784","2","1","513.0","2012-04-25 19:29:18.493"
"41785","3","1","549.0","2012-04-25 19:29:18.493"
"41786","1","1","5.3","2012-04-25 19:29:28.536"
"41787","2","1","513.0","2012-04-25 19:29:28.536"
"41788","3","1","545.0","2012-04-25 19:29:28.537"
"41789","1","1","5.3","2012-04-25 19:29:38.596"
"41790","2","1","513.0","2012-04-25 19:29:38.596"
"41791","3","1","539.0","2012-04-25 19:29:38.596"
"41792","1","1","5.3","2012-04-25 19:29:48.683"
"41793","2","1","513.0","2012-04-25 19:29:48.692"
"41794","3","1","535.0","2012-04-25 19:29:48.692"
"41795","1","1","5.38","2012-04-25 19:29:58.761"
"41796","2","1","513.0","2012-04-25 19:29:58.769"
"41797","3","1","543.0","2012-04-25 19:29:58.769"
"41798","1","1","5.38","2012-04-25 19:30:08.843"
"41799","2","1","512.0","2012-04-25 19:30:08.844"
"41800","3","1","547.0","2012-04-25 19:30:08.844"
"41801","1","1","5.38","2012-04-25 19:30:18.835"
"41802","2","1","513.0","2012-04-25 19:30:18.836"
"41803","3","1","539.0","2012-04-25 19:30:18.836"
"41804","1","1","5.38","2012-04-25 19:30:28.887"
"41805","2","1","513.0","2012-04-25 19:30:28.887"
"41806","3","1","537.0","2012-04-25 19:30:28.887"
"41807","1","1","5.38","2012-04-25 19:30:38.969"
"41808","2","1","513.0","2012-04-25 19:30:38.969"
"41809","3","1","553.0","2012-04-25 19:30:38.969"
"41810","1","1","5.3","2012-04-25 19:30:49.05"
"41811","2","1","513.0","2012-04-25 19:30:49.05"
"41812","3","1","543.0","2012-04-25 19:30:49.051"
"41813","1","1","5.38","2012-04-25 19:30:59.069"
"41814","2","1","513.0","2012-04-25 19:30:59.069"
"41815","3","1","542.0","2012-04-25 19:30:59.069"
"41816","1","1","5.38","2012-04-25 19:31:09.126"
"41817","2","1","513.0","2012-04-25 19:31:09.127"
"41818","3","1","551.0","2012-04-25 19:31:09.127"
"41819","1","1","5.38","2012-04-25 19:31:19.223"
"41820","2","1","512.0","2012-04-25 19:31:19.223"
"41821","3","1","544.0","2012-04-25 19:31:19.224"
"41822","1","1","5.3","2012-04-25 19:31:29.242"
"41823","2","1","512.0","2012-04-25 19:31:29.253"
"41824","3","1","555.0","2012-04-25 19:31:29.253"
"41825","1","1","5.38","2012-04-25 19:31:39.301"
"41826","2","1","513.0","2012-04-25 19:31:39.302"
"41827","3","1","545.0","2012-04-25 19:31:39.302"
"41828","1","1","5.38","2012-04-25 19:31:49.381"
"41829","2","1","513.0","2012-04-25 19:31:49.382"
"41830","3","1","551.0","2012-04-25 19:31:49.382"
"41831","1","1","5.38","2012-04-25 19:31:59.456"
"41832","2","1","513.0","2012-04-25 19:31:59.457"
"41833","3","1","544.0","2012-04-25 19:31:59.457"
"41834","1","1","5.22","2012-04-25 19:32:09.47"
"41835","2","1","513.0","2012-04-25 19:32:09.47"
"41836","3","1","553.0","2012-04-25 19:32:09.47"
"41837","1","1","5.3","2012-04-25 19:32:19.56"
"41838","2","1","512.0","2012-04-25 19:32:19.56"
"41839","3","1","549.0","2012-04-25 19:32:19.56"
"41840","1","1","5.38","2012-04-25 19:32:29.671"
"41841","2","1","513.0","2012-04-25 19:32:29.671"
"41842","3","1","549.0","2012-04-25 19:32:29.671"
"41843","1","1","5.3","2012-04-25 19:32:39.644"
"41844","2","1","512.0","2012-04-25 19:32:39.644"
"41845","3","1","542.0","2012-04-25 19:32:39.645"
"41846","1","1","5.22","2012-04-25 19:32:49.744"
"41847","2","1","513.0","2012-04-25 19:32:49.745"
"41848","3","1","538.0","2012-04-25 19:32:49.745"
"41849","1","1","5.3","2012-04-25 19:32:59.764"
"41850","2","1","512.0","2012-04-25 19:32:59.858"
"41851","3","1","538.0","2012-04-25 19:32:59.858"
"41852","1","1","5.38","2012-04-25 19:33:09.912"
"41853","2","1","513.0","2012-04-25 19:33:09.912"
"41854","3","1","542.0","2012-04-25 19:33:09.912"
"41855","1","1","5.45","2012-04-25 19:33:19.935"
"41856","2","1","513.0","2012-04-25 19:33:19.935"
"41857","3","1","546.0","2012-04-25 19:33:19.936"
"41858","1","1","5.38","2012-04-25 19:33:29.986"
"41859","2","1","513.0","2012-04-25 19:33:29.986"
"41860","3","1","549.0","2012-04-25 19:33:29.986"
"41861","1","1","5.38","2012-04-25 19:33:40.007"
"41862","2","1","513.0","2012-04-25 19:33:40.007"
"41863","3","1","542.0","2012-04-25 19:33:40.007"
"41864","1","1","5.45","2012-04-25 19:33:50.09"
"41865","2","1","513.0","2012-04-25 19:33:50.09"
"41866","3","1","554.0","2012-04-25 19:33:50.09"
"41867","1","1","5.38","2012-04-25 19:34:00.128"
"41868","2","1","512.0","2012-04-25 19:34:00.129"
"41869","3","1","547.0","2012-04-25 19:34:00.129"
"41870","1","1","5.45","2012-04-25 19:34:10.211"
"41871","2","1","513.0","2012-04-25 19:34:10.212"
"41872","3","1","543.0","2012-04-25 19:34:10.212"
"41873","1","1","5.38","2012-04-25 19:34:20.243"
"41874","2","1","513.0","2012-04-25 19:34:20.243"
"41875","3","1","552.0","2012-04-25 19:34:20.244"
"41876","1","1","5.38","2012-04-25 19:34:30.344"
"41877","2","1","512.0","2012-04-25 19:34:30.352"
"41878","3","1","546.0","2012-04-25 19:34:30.353"
"41879","1","1","5.38","2012-04-25 19:34:40.359"
"41880","2","1","513.0","2012-04-25 19:34:40.359"
"41881","3","1","547.0","2012-04-25 19:34:40.36"
"41882","1","1","5.38","2012-04-25 19:34:50.418"
"41883","2","1","513.0","2012-04-25 19:34:50.418"
"41884","3","1","545.0","2012-04-25 19:34:50.418"
"41885","1","1","5.38","2012-04-25 19:35:00.47"
"41886","2","1","513.0","2012-04-25 19:35:00.47"
"41887","3","1","548.0","2012-04-25 19:35:00.47"
"41888","1","1","5.38","2012-04-25 19:35:10.553"
"41889","2","1","513.0","2012-04-25 19:35:10.553"
"41890","3","1","543.0","2012-04-25 19:35:10.553"
"41891","1","1","5.38","2012-04-25 19:35:20.609"
"41892","2","1","512.0","2012-04-25 19:35:20.609"
"41893","3","1","542.0","2012-04-25 19:35:20.609"
"41894","1","1","5.38","2012-04-25 19:35:30.656"
"41895","2","1","513.0","2012-04-25 19:35:30.657"
"41896","3","1","552.0","2012-04-25 19:35:30.657"
"41897","1","1","5.38","2012-04-25 19:35:40.738"
"41898","2","1","513.0","2012-04-25 19:35:40.738"
"41899","3","1","550.0","2012-04-25 19:35:40.738"
"41900","1","1","5.38","2012-04-25 19:35:50.789"
"41901","2","1","512.0","2012-04-25 19:35:50.79"
"41902","3","1","540.0","2012-04-25 19:35:50.79"
"41903","1","1","5.38","2012-04-25 19:36:00.885"
"41904","2","1","513.0","2012-04-25 19:36:00.893"
"41905","3","1","536.0","2012-04-25 19:36:00.893"
"41906","1","1","5.45","2012-04-25 19:36:10.892"
"41907","2","1","513.0","2012-04-25 19:36:10.892"
"41908","3","1","538.0","2012-04-25 19:36:10.893"
"41909","1","1","5.38","2012-04-25 19:36:20.95"
"41910","2","1","512.0","2012-04-25 19:36:20.951"
"41911","3","1","543.0","2012-04-25 19:36:20.951"
"41912","1","1","5.38","2012-04-25 19:36:31.009"
"41913","2","1","513.0","2012-04-25 19:36:31.01"
"41914","3","1","551.0","2012-04-25 19:36:31.01"
"41915","1","1","5.3","2012-04-25 19:36:41.066"
"41916","2","1","513.0","2012-04-25 19:36:41.067"
"41917","3","1","538.0","2012-04-25 19:36:41.067"
"41918","1","1","5.38","2012-04-25 19:36:51.175"
"41919","2","1","513.0","2012-04-25 19:36:51.175"
"41920","3","1","544.0","2012-04-25 19:36:51.176"
"41921","1","1","5.3","2012-04-25 19:37:01.176"
"41922","2","1","513.0","2012-04-25 19:37:01.177"
"41923","3","1","554.0","2012-04-25 19:37:01.177"
"41924","1","1","5.38","2012-04-25 19:37:11.245"
"41925","2","1","513.0","2012-04-25 19:37:11.246"
"41926","3","1","551.0","2012-04-25 19:37:11.246"
"41927","1","1","5.3","2012-04-25 19:37:21.357"
"41928","2","1","513.0","2012-04-25 19:37:21.357"
"41929","3","1","544.0","2012-04-25 19:37:21.358"
"41930","1","1","5.3","2012-04-25 19:37:31.41"
"41931","2","1","512.0","2012-04-25 19:37:31.418"
"41932","3","1","548.0","2012-04-25 19:37:31.418"
"41933","1","1","5.3","2012-04-25 19:37:41.411"
"41934","2","1","513.0","2012-04-25 19:37:41.411"
"41935","3","1","555.0","2012-04-25 19:37:41.411"
"41936","1","1","5.3","2012-04-25 19:37:51.468"
"41937","2","1","513.0","2012-04-25 19:37:51.468"
"41938","3","1","549.0","2012-04-25 19:37:51.468"
"41939","1","1","5.3","2012-04-25 19:38:01.6"
"41940","2","1","513.0","2012-04-25 19:38:01.601"
"41941","3","1","543.0","2012-04-25 19:38:01.601"
"41942","1","1","5.38","2012-04-25 19:38:11.588"
"41943","2","1","513.0","2012-04-25 19:38:11.589"
"41944","3","1","544.0","2012-04-25 19:38:11.589"
"41945","1","1","5.38","2012-04-25 19:38:21.705"
"41946","2","1","513.0","2012-04-25 19:38:21.705"
"41947","3","1","548.0","2012-04-25 19:38:21.705"
"41948","1","1","5.38","2012-04-25 19:38:31.728"
"41949","2","1","513.0","2012-04-25 19:38:31.729"
"41950","3","1","541.0","2012-04-25 19:38:31.729"
"41951","1","1","5.38","2012-04-25 19:38:41.812"
"41952","2","1","512.0","2012-04-25 19:38:41.812"
"41953","3","1","536.0","2012-04-25 19:38:41.812"
"41954","1","1","5.38","2012-04-25 19:38:51.822"
"41955","2","1","513.0","2012-04-25 19:38:51.822"
"41956","3","1","549.0","2012-04-25 19:38:51.822"
"41957","1","1","5.38","2012-04-25 19:39:01.953"
"41958","2","1","513.0","2012-04-25 19:39:01.961"
"41959","3","1","549.0","2012-04-25 19:39:01.961"
"41960","1","1","5.3","2012-04-25 19:39:11.942"
"41961","2","1","513.0","2012-04-25 19:39:11.942"
"41962","3","1","543.0","2012-04-25 19:39:11.942"
"41963","1","1","5.38","2012-04-25 19:39:22.002"
"41964","2","1","513.0","2012-04-25 19:39:22.002"
"41965","3","1","553.0","2012-04-25 19:39:22.002"
"41966","1","1","5.3","2012-04-25 19:39:32.057"
"41967","2","1","512.0","2012-04-25 19:39:32.058"
"41968","3","1","553.0","2012-04-25 19:39:32.058"
"41969","1","1","5.3","2012-04-25 19:39:42.115"
"41970","2","1","513.0","2012-04-25 19:39:42.115"
"41971","3","1","548.0","2012-04-25 19:39:42.116"
"41972","1","1","5.38","2012-04-25 19:39:52.174"
"41973","2","1","513.0","2012-04-25 19:39:52.174"
"41974","3","1","549.0","2012-04-25 19:39:52.174"
"41975","1","1","5.38","2012-04-25 19:40:02.276"
"41976","2","1","512.0","2012-04-25 19:40:02.276"
"41977","3","1","549.0","2012-04-25 19:40:02.276"
"41978","1","1","5.3","2012-04-25 19:40:12.328"
"41979","2","1","512.0","2012-04-25 19:40:12.328"
"41980","3","1","547.0","2012-04-25 19:40:12.329"
"41981","1","1","5.3","2012-04-25 19:40:22.352"
"41982","2","1","512.0","2012-04-25 19:40:22.352"
"41983","3","1","549.0","2012-04-25 19:40:22.352"
"41984","1","1","5.38","2012-04-25 19:40:32.462"
"41985","2","1","513.0","2012-04-25 19:40:32.47"
"41986","3","1","544.0","2012-04-25 19:40:32.47"
"41987","1","1","5.38","2012-04-25 19:40:42.469"
"41988","2","1","513.0","2012-04-25 19:40:42.469"
"41989","3","1","540.0","2012-04-25 19:40:42.469"
"41990","1","1","5.3","2012-04-25 19:40:52.526"
"41991","2","1","513.0","2012-04-25 19:40:52.526"
"41992","3","1","539.0","2012-04-25 19:40:52.526"
"41993","1","1","5.3","2012-04-25 19:41:02.589"
"41994","2","1","513.0","2012-04-25 19:41:02.589"
"41995","3","1","541.0","2012-04-25 19:41:02.589"
"41996","1","1","5.3","2012-04-25 19:41:12.648"
"41997","2","1","512.0","2012-04-25 19:41:12.648"
"41998","3","1","542.0","2012-04-25 19:41:12.648"
"41999","1","1","5.3","2012-04-25 19:41:22.756"
"42000","2","1","513.0","2012-04-25 19:41:22.756"
"42001","3","1","551.0","2012-04-25 19:41:22.756"
"42002","1","1","5.22","2012-04-25 19:41:32.777"
"42003","2","1","513.0","2012-04-25 19:41:32.777"
"42004","3","1","554.0","2012-04-25 19:41:32.777"
"42005","1","1","5.3","2012-04-25 19:41:42.829"
"42006","2","1","513.0","2012-04-25 19:41:42.829"
"42007","3","1","542.0","2012-04-25 19:41:42.829"
"42008","1","1","5.3","2012-04-25 19:41:52.91"
"42009","2","1","513.0","2012-04-25 19:41:52.91"
"42010","3","1","542.0","2012-04-25 19:41:52.91"
"42011","1","1","5.3","2012-04-25 19:42:02.942"
"42012","2","1","513.0","2012-04-25 19:42:02.954"
"42013","3","1","554.0","2012-04-25 19:42:02.954"
"42014","1","1","5.3","2012-04-25 19:42:13.018"
"42015","2","1","512.0","2012-04-25 19:42:13.019"
"42016","3","1","538.0","2012-04-25 19:42:13.019"
"42017","1","1","5.3","2012-04-25 19:42:23.071"
"42018","2","1","512.0","2012-04-25 19:42:23.071"
"42019","3","1","546.0","2012-04-25 19:42:23.071"
"42020","1","1","5.3","2012-04-25 19:42:33.152"
"42021","2","1","513.0","2012-04-25 19:42:33.152"
"42022","3","1","539.0","2012-04-25 19:42:33.152"
"42023","1","1","5.3","2012-04-25 19:42:43.174"
"42024","2","1","513.0","2012-04-25 19:42:43.175"
"42025","3","1","550.0","2012-04-25 19:42:43.175"
"42026","1","1","5.3","2012-04-25 19:42:53.233"
"42027","2","1","513.0","2012-04-25 19:42:53.233"
"42028","3","1","537.0","2012-04-25 19:42:53.233"
"42029","1","1","5.3","2012-04-25 19:43:03.322"
"42030","2","1","513.0","2012-04-25 19:43:03.322"
"42031","3","1","543.0","2012-04-25 19:43:03.322"
"42032","1","1","5.3","2012-04-25 19:43:13.434"
"42033","2","1","513.0","2012-04-25 19:43:13.435"
"42034","3","1","542.0","2012-04-25 19:43:13.435"
"42035","1","1","5.3","2012-04-25 19:43:23.421"
"42036","2","1","513.0","2012-04-25 19:43:23.421"
"42037","3","1","534.0","2012-04-25 19:43:23.421"
"42038","1","1","5.3","2012-04-25 19:43:33.48"
"42039","2","1","513.0","2012-04-25 19:43:33.495"
"42040","3","1","547.0","2012-04-25 19:43:33.495"
"42041","1","1","5.3","2012-04-25 19:43:43.559"
"42042","2","1","512.0","2012-04-25 19:43:43.559"
"42043","3","1","541.0","2012-04-25 19:43:43.559"
"42044","1","1","5.3","2012-04-25 19:43:53.596"
"42045","2","1","513.0","2012-04-25 19:43:53.596"
"42046","3","1","534.0","2012-04-25 19:43:53.596"
"42047","1","1","5.3","2012-04-25 19:44:03.657"
"42048","2","1","513.0","2012-04-25 19:44:03.657"
"42049","3","1","532.0","2012-04-25 19:44:03.657"
"42050","1","1","5.3","2012-04-25 19:44:13.779"
"42051","2","1","513.0","2012-04-25 19:44:13.779"
"42052","3","1","535.0","2012-04-25 19:44:13.779"
"42053","1","1","5.38","2012-04-25 19:44:23.775"
"42054","2","1","513.0","2012-04-25 19:44:23.775"
"42055","3","1","537.0","2012-04-25 19:44:23.775"
"42056","1","1","5.3","2012-04-25 19:44:33.852"
"42057","2","1","513.0","2012-04-25 19:44:33.853"
"42058","3","1","543.0","2012-04-25 19:44:33.853"
"42059","1","1","5.3","2012-04-25 19:44:43.892"
"42060","2","1","513.0","2012-04-25 19:44:43.892"
"42061","3","1","549.0","2012-04-25 19:44:43.892"
"42062","1","1","5.3","2012-04-25 19:44:53.943"
"42063","2","1","513.0","2012-04-25 19:44:53.944"
"42064","3","1","542.0","2012-04-25 19:44:53.944"
"42065","1","1","5.3","2012-04-25 19:45:04.031"
"42066","2","1","513.0","2012-04-25 19:45:04.039"
"42067","3","1","543.0","2012-04-25 19:45:04.04"
"42068","1","1","5.3","2012-04-25 19:45:14.059"
"42069","2","1","513.0","2012-04-25 19:45:14.06"
"42070","3","1","543.0","2012-04-25 19:45:14.06"
"42071","1","1","5.3","2012-04-25 19:45:24.196"
"42072","2","1","513.0","2012-04-25 19:45:24.196"
"42073","3","1","544.0","2012-04-25 19:45:24.197"
"42074","1","1","5.38","2012-04-25 19:45:34.178"
"42075","2","1","513.0","2012-04-25 19:45:34.178"
"42076","3","1","551.0","2012-04-25 19:45:34.178"
"42077","1","1","5.38","2012-04-25 19:45:44.235"
"42078","2","1","513.0","2012-04-25 19:45:44.235"
"42079","3","1","549.0","2012-04-25 19:45:44.235"
"42080","1","1","5.3","2012-04-25 19:45:54.387"
"42081","2","1","513.0","2012-04-25 19:45:54.387"
"42082","3","1","550.0","2012-04-25 19:45:54.387"
"42083","1","1","5.3","2012-04-25 19:46:04.439"
"42084","2","1","513.0","2012-04-25 19:46:04.439"
"42085","3","1","541.0","2012-04-25 19:46:04.439"
"42086","1","1","5.38","2012-04-25 19:46:14.413"
"42087","2","1","513.0","2012-04-25 19:46:14.413"
"42088","3","1","547.0","2012-04-25 19:46:14.413"
"42089","1","1","5.3","2012-04-25 19:46:24.543"
"42090","2","1","513.0","2012-04-25 19:46:24.543"
"42091","3","1","552.0","2012-04-25 19:46:24.543"
"42092","1","1","5.3","2012-04-25 19:46:34.535"
"42093","2","1","513.0","2012-04-25 19:46:34.543"
"42094","3","1","550.0","2012-04-25 19:46:34.543"
"42095","1","1","5.3","2012-04-25 19:46:44.616"
"42096","2","1","513.0","2012-04-25 19:46:44.616"
"42097","3","1","550.0","2012-04-25 19:46:44.616"
"42098","1","1","5.38","2012-04-25 19:46:54.702"
"42099","2","1","513.0","2012-04-25 19:46:54.702"
"42100","3","1","543.0","2012-04-25 19:46:54.703"
"42101","1","1","5.3","2012-04-25 19:47:04.708"
"42102","2","1","513.0","2012-04-25 19:47:04.708"
"42103","3","1","545.0","2012-04-25 19:47:04.708"
"42104","1","1","5.3","2012-04-25 19:47:14.778"
"42105","2","1","513.0","2012-04-25 19:47:14.778"
"42106","3","1","542.0","2012-04-25 19:47:14.779"
"42107","1","1","5.3","2012-04-25 19:47:24.824"
"42108","2","1","513.0","2012-04-25 19:47:24.825"
"42109","3","1","540.0","2012-04-25 19:47:24.825"
"42110","1","1","5.3","2012-04-25 19:47:34.942"
"42111","2","1","513.0","2012-04-25 19:47:34.943"
"42112","3","1","550.0","2012-04-25 19:47:34.943"
"42113","1","1","5.3","2012-04-25 19:47:44.94"
"42114","2","1","513.0","2012-04-25 19:47:44.941"
"42115","3","1","546.0","2012-04-25 19:47:44.941"
"42116","1","1","5.3","2012-04-25 19:47:55.013"
"42117","2","1","513.0","2012-04-25 19:47:55.013"
"42118","3","1","538.0","2012-04-25 19:47:55.014"
"42119","1","1","5.3","2012-04-25 19:48:05.07"
"42120","2","1","512.0","2012-04-25 19:48:05.079"
"42121","3","1","550.0","2012-04-25 19:48:05.08"
"42122","1","1","5.22","2012-04-25 19:48:15.129"
"42123","2","1","513.0","2012-04-25 19:48:15.129"
"42124","3","1","535.0","2012-04-25 19:48:15.129"
"42125","1","1","5.22","2012-04-25 19:48:25.186"
"42126","2","1","513.0","2012-04-25 19:48:25.187"
"42127","3","1","547.0","2012-04-25 19:48:25.187"
"42128","1","1","5.22","2012-04-25 19:48:35.33"
"42129","2","1","512.0","2012-04-25 19:48:35.331"
"42130","3","1","533.0","2012-04-25 19:48:35.331"
"42131","1","1","5.22","2012-04-25 19:48:45.324"
"42132","2","1","513.0","2012-04-25 19:48:45.324"
"42133","3","1","542.0","2012-04-25 19:48:45.324"
"42134","1","1","5.22","2012-04-25 19:48:55.365"
"42135","2","1","512.0","2012-04-25 19:48:55.365"
"42136","3","1","533.0","2012-04-25 19:48:55.366"
"42137","1","1","5.22","2012-04-25 19:49:05.467"
"42138","2","1","513.0","2012-04-25 19:49:05.467"
"42139","3","1","549.0","2012-04-25 19:49:05.467"
"42140","1","1","5.22","2012-04-25 19:49:15.5"
"42141","2","1","513.0","2012-04-25 19:49:15.5"
"42142","3","1","539.0","2012-04-25 19:49:15.5"
"42143","1","1","5.22","2012-04-25 19:49:25.601"
"42144","2","1","513.0","2012-04-25 19:49:25.601"
"42145","3","1","548.0","2012-04-25 19:49:25.601"
"42146","1","1","5.22","2012-04-25 19:49:35.453"
"42147","2","1","513.0","2012-04-25 19:49:35.46"
"42148","3","1","539.0","2012-04-25 19:49:35.46"
"42149","1","1","5.14","2012-04-25 19:49:45.512"
"42150","2","1","513.0","2012-04-25 19:49:45.512"
"42151","3","1","546.0","2012-04-25 19:49:45.512"
"42152","1","1","5.22","2012-04-25 19:49:55.543"
"42153","2","1","513.0","2012-04-25 19:49:55.543"
"42154","3","1","543.0","2012-04-25 19:49:55.543"
"42155","1","1","5.22","2012-04-25 19:50:05.637"
"42156","2","1","513.0","2012-04-25 19:50:05.638"
"42157","3","1","547.0","2012-04-25 19:50:05.638"
"42158","1","1","5.22","2012-04-25 19:50:15.719"
"42159","2","1","513.0","2012-04-25 19:50:15.719"
"42160","3","1","538.0","2012-04-25 19:50:15.719"
"42161","1","1","5.22","2012-04-25 19:50:25.772"
"42162","2","1","513.0","2012-04-25 19:50:25.773"
"42163","3","1","549.0","2012-04-25 19:50:25.773"
"42164","1","1","5.22","2012-04-25 19:50:35.79"
"42165","2","1","513.0","2012-04-25 19:50:35.791"
"42166","3","1","549.0","2012-04-25 19:50:35.791"
"42167","1","1","5.22","2012-04-25 19:50:45.873"
"42168","2","1","513.0","2012-04-25 19:50:45.874"
"42169","3","1","543.0","2012-04-25 19:50:45.874"
"42170","1","1","5.22","2012-04-25 19:50:55.926"
"42171","2","1","513.0","2012-04-25 19:50:55.926"
"42172","3","1","543.0","2012-04-25 19:50:55.926"
"42173","1","1","5.22","2012-04-25 19:51:05.944"
"42174","2","1","513.0","2012-04-25 19:51:06.017"
"42175","3","1","553.0","2012-04-25 19:51:06.017"
"42176","1","1","5.22","2012-04-25 19:51:16.002"
"42177","2","1","513.0","2012-04-25 19:51:16.002"
"42178","3","1","559.0","2012-04-25 19:51:16.003"
"42179","1","1","5.22","2012-04-25 19:51:26.082"
"42180","2","1","513.0","2012-04-25 19:51:26.083"
"42181","3","1","551.0","2012-04-25 19:51:26.083"
"42182","1","1","5.22","2012-04-25 19:51:36.139"
"42183","2","1","513.0","2012-04-25 19:51:36.139"
"42184","3","1","550.0","2012-04-25 19:51:36.14"
"42185","1","1","5.22","2012-04-25 19:51:46.189"
"42186","2","1","512.0","2012-04-25 19:51:46.189"
"42187","3","1","551.0","2012-04-25 19:51:46.19"
"42188","1","1","5.22","2012-04-25 19:51:56.239"
"42189","2","1","513.0","2012-04-25 19:51:56.239"
"42190","3","1","549.0","2012-04-25 19:51:56.24"
"42191","1","1","5.22","2012-04-25 19:52:06.354"
"42192","2","1","513.0","2012-04-25 19:52:06.354"
"42193","3","1","550.0","2012-04-25 19:52:06.355"
"42194","1","1","5.22","2012-04-25 19:52:16.356"
"42195","2","1","512.0","2012-04-25 19:52:16.356"
"42196","3","1","551.0","2012-04-25 19:52:16.356"
"42197","1","1","5.14","2012-04-25 19:52:26.414"
"42198","2","1","512.0","2012-04-25 19:52:26.415"
"42199","3","1","558.0","2012-04-25 19:52:26.415"
"42200","1","1","5.22","2012-04-25 19:52:36.498"
"42201","2","1","512.0","2012-04-25 19:52:36.512"
"42202","3","1","558.0","2012-04-25 19:52:36.512"
"42203","1","1","5.14","2012-04-25 19:52:46.606"
"42204","2","1","513.0","2012-04-25 19:52:46.607"
"42205","3","1","554.0","2012-04-25 19:52:46.607"
"42206","1","1","5.14","2012-04-25 19:52:56.604"
"42207","2","1","513.0","2012-04-25 19:52:56.604"
"42208","3","1","546.0","2012-04-25 19:52:56.604"
"42209","1","1","5.14","2012-04-25 19:53:06.71"
"42210","2","1","513.0","2012-04-25 19:53:06.71"
"42211","3","1","553.0","2012-04-25 19:53:06.71"
"42212","1","1","5.14","2012-04-25 19:53:16.791"
"42213","2","1","513.0","2012-04-25 19:53:16.792"
"42214","3","1","554.0","2012-04-25 19:53:16.792"
"42215","1","1","5.14","2012-04-25 19:53:26.845"
"42216","2","1","512.0","2012-04-25 19:53:26.845"
"42217","3","1","545.0","2012-04-25 19:53:26.845"
"42218","1","1","5.07","2012-04-25 19:53:36.831"
"42219","2","1","512.0","2012-04-25 19:53:36.831"
"42220","3","1","544.0","2012-04-25 19:53:36.831"
"42221","1","1","5.07","2012-04-25 19:53:46.913"
"42222","2","1","512.0","2012-04-25 19:53:46.913"
"42223","3","1","546.0","2012-04-25 19:53:46.913"
"42224","1","1","5.07","2012-04-25 19:53:56.948"
"42225","2","1","512.0","2012-04-25 19:53:56.948"
"42226","3","1","545.0","2012-04-25 19:53:56.948"
"42227","1","1","5.07","2012-04-25 19:54:07.006"
"42228","2","1","512.0","2012-04-25 19:54:07.015"
"42229","3","1","547.0","2012-04-25 19:54:07.015"
"42230","1","1","5.07","2012-04-25 19:54:17.064"
"42231","2","1","512.0","2012-04-25 19:54:17.064"
"42232","3","1","544.0","2012-04-25 19:54:17.065"
"42233","1","1","5.07","2012-04-25 19:54:27.181"
"42234","2","1","512.0","2012-04-25 19:54:27.181"
"42235","3","1","543.0","2012-04-25 19:54:27.181"
"42236","1","1","5.07","2012-04-25 19:54:37.236"
"42237","2","1","512.0","2012-04-25 19:54:37.236"
"42238","3","1","543.0","2012-04-25 19:54:37.236"
"42239","1","1","5.07","2012-04-25 19:54:47.258"
"42240","2","1","512.0","2012-04-25 19:54:47.259"
"42241","3","1","543.0","2012-04-25 19:54:47.259"
"42242","1","1","5.07","2012-04-25 19:54:57.31"
"42243","2","1","512.0","2012-04-25 19:54:57.311"
"42244","3","1","543.0","2012-04-25 19:54:57.311"
"42245","1","1","5.07","2012-04-25 19:55:07.385"
"42246","2","1","512.0","2012-04-25 19:55:07.385"
"42247","3","1","547.0","2012-04-25 19:55:07.386"
"42248","1","1","5.07","2012-04-25 19:55:17.42"
"42249","2","1","512.0","2012-04-25 19:55:17.42"
"42250","3","1","550.0","2012-04-25 19:55:17.42"
"42251","1","1","5.07","2012-04-25 19:55:27.481"
"42252","2","1","512.0","2012-04-25 19:55:27.482"
"42253","3","1","557.0","2012-04-25 19:55:27.482"
"42254","1","1","5.07","2012-04-25 19:55:37.613"
"42255","2","1","512.0","2012-04-25 19:55:37.619"
"42256","3","1","541.0","2012-04-25 19:55:37.619"
"42257","1","1","5.07","2012-04-25 19:55:47.599"
"42258","2","1","512.0","2012-04-25 19:55:47.6"
"42259","3","1","536.0","2012-04-25 19:55:47.6"
"42260","1","1","5.07","2012-04-25 19:55:57.664"
"42261","2","1","512.0","2012-04-25 19:55:57.664"
"42262","3","1","526.0","2012-04-25 19:55:57.664"
"42263","1","1","5.07","2012-04-25 19:56:07.769"
"42264","2","1","512.0","2012-04-25 19:56:07.77"
"42265","3","1","521.0","2012-04-25 19:56:07.77"
"42266","1","1","5.07","2012-04-25 19:56:17.79"
"42267","2","1","512.0","2012-04-25 19:56:17.791"
"42268","3","1","521.0","2012-04-25 19:56:17.791"
"42269","1","1","4.99","2012-04-25 19:56:27.848"
"42270","2","1","512.0","2012-04-25 19:56:27.848"
"42271","3","1","526.0","2012-04-25 19:56:27.849"
"42272","1","1","5.07","2012-04-25 19:56:37.908"
"42273","2","1","512.0","2012-04-25 19:56:37.908"
"42274","3","1","525.0","2012-04-25 19:56:37.908"
"42275","1","1","5.07","2012-04-25 19:56:47.965"
"42276","2","1","512.0","2012-04-25 19:56:47.966"
"42277","3","1","523.0","2012-04-25 19:56:47.966"
"42278","1","1","5.07","2012-04-25 19:56:58.025"
"42279","2","1","512.0","2012-04-25 19:56:58.025"
"42280","3","1","520.0","2012-04-25 19:56:58.025"
"42281","1","1","5.07","2012-04-25 19:57:08.127"
"42282","2","1","512.0","2012-04-25 19:57:08.135"
"42283","3","1","519.0","2012-04-25 19:57:08.135"
"42284","1","1","4.99","2012-04-25 19:57:18.142"
"42285","2","1","512.0","2012-04-25 19:57:18.143"
"42286","3","1","524.0","2012-04-25 19:57:18.143"
"42287","1","1","4.99","2012-04-25 19:57:28.194"
"42288","2","1","512.0","2012-04-25 19:57:28.255"
"42289","3","1","530.0","2012-04-25 19:57:28.255"
"42290","1","1","4.99","2012-04-25 19:57:38.254"
"42291","2","1","512.0","2012-04-25 19:57:38.254"
"42292","3","1","529.0","2012-04-25 19:57:38.254"
"42293","1","1","4.99","2012-04-25 19:57:48.36"
"42294","2","1","512.0","2012-04-25 19:57:48.36"
"42295","3","1","523.0","2012-04-25 19:57:48.361"
"42296","1","1","4.99","2012-04-25 19:57:58.413"
"42297","2","1","512.0","2012-04-25 19:57:58.413"
"42298","3","1","526.0","2012-04-25 19:57:58.413"
"42299","1","1","4.99","2012-04-25 19:58:08.464"
"42300","2","1","512.0","2012-04-25 19:58:08.465"
"42301","3","1","525.0","2012-04-25 19:58:08.465"
"42302","1","1","4.99","2012-04-25 19:58:18.489"
"42303","2","1","512.0","2012-04-25 19:58:18.49"
"42304","3","1","522.0","2012-04-25 19:58:18.49"
"42305","1","1","4.99","2012-04-25 19:58:28.586"
"42306","2","1","512.0","2012-04-25 19:58:28.586"
"42307","3","1","522.0","2012-04-25 19:58:28.586"
"42308","1","1","4.99","2012-04-25 19:58:38.621"
"42309","2","1","512.0","2012-04-25 19:58:38.626"
"42310","3","1","521.0","2012-04-25 19:58:38.627"
"42311","1","1","4.99","2012-04-25 19:58:48.752"
"42312","2","1","512.0","2012-04-25 19:58:48.752"
"42313","3","1","522.0","2012-04-25 19:58:48.752"
"42314","1","1","4.99","2012-04-25 19:58:58.746"
"42315","2","1","511.0","2012-04-25 19:58:58.746"
"42316","3","1","527.0","2012-04-25 19:58:58.746"
"42317","1","1","4.99","2012-04-25 19:59:08.829"
"42318","2","1","512.0","2012-04-25 19:59:08.83"
"42319","3","1","535.0","2012-04-25 19:59:08.83"
"42320","1","1","4.99","2012-04-25 19:59:18.859"
"42321","2","1","512.0","2012-04-25 19:59:18.859"
"42322","3","1","536.0","2012-04-25 19:59:18.859"
"42323","1","1","4.91","2012-04-25 19:59:28.992"
"42324","2","1","512.0","2012-04-25 19:59:28.992"
"42325","3","1","540.0","2012-04-25 19:59:28.993"
"42326","1","1","4.99","2012-04-25 19:59:38.97"
"42327","2","1","512.0","2012-04-25 19:59:38.971"
"42328","3","1","540.0","2012-04-25 19:59:38.971"
"42329","1","1","4.91","2012-04-25 19:59:49.029"
"42330","2","1","511.0","2012-04-25 19:59:49.029"
"42331","3","1","537.0","2012-04-25 19:59:49.03"
"42332","1","1","4.91","2012-04-25 19:59:59.089"
"42333","2","1","511.0","2012-04-25 19:59:59.089"
"42334","3","1","535.0","2012-04-25 19:59:59.089"
"42335","1","1","4.91","2012-04-25 20:00:09.148"
"42336","2","1","511.0","2012-04-25 20:00:09.155"
"42337","3","1","540.0","2012-04-25 20:00:09.155"
"42338","1","1","4.91","2012-04-25 20:00:19.291"
"42339","2","1","511.0","2012-04-25 20:00:19.291"
"42340","3","1","546.0","2012-04-25 20:00:19.291"
"42341","1","1","4.91","2012-04-25 20:00:29.287"
"42342","2","1","511.0","2012-04-25 20:00:29.287"
"42343","3","1","550.0","2012-04-25 20:00:29.287"
"42344","1","1","4.91","2012-04-25 20:00:39.34"
"42345","2","1","512.0","2012-04-25 20:00:39.34"
"42346","3","1","548.0","2012-04-25 20:00:39.34"
"42347","1","1","4.91","2012-04-25 20:00:49.392"
"42348","2","1","512.0","2012-04-25 20:00:49.393"
"42349","3","1","560.0","2012-04-25 20:00:49.393"
"42350","1","1","4.91","2012-04-25 20:00:59.474"
"42351","2","1","512.0","2012-04-25 20:00:59.475"
"42352","3","1","554.0","2012-04-25 20:00:59.475"
"42353","1","1","4.91","2012-04-25 20:01:09.557"
"42354","2","1","511.0","2012-04-25 20:01:09.557"
"42355","3","1","548.0","2012-04-25 20:01:09.557"
"42356","1","1","4.91","2012-04-25 20:01:19.639"
"42357","2","1","511.0","2012-04-25 20:01:19.64"
"42358","3","1","557.0","2012-04-25 20:01:19.64"
"42359","1","1","4.91","2012-04-25 20:01:29.634"
"42360","2","1","511.0","2012-04-25 20:01:29.635"
"42361","3","1","575.0","2012-04-25 20:01:29.635"
"42362","1","1","4.91","2012-04-25 20:01:39.716"
"42363","2","1","511.0","2012-04-25 20:01:39.724"
"42364","3","1","573.0","2012-04-25 20:01:39.724"
"42365","1","1","4.84","2012-04-25 20:01:49.829"
"42366","2","1","511.0","2012-04-25 20:01:49.829"
"42367","3","1","571.0","2012-04-25 20:01:49.829"
"42368","1","1","4.84","2012-04-25 20:01:59.823"
"42369","2","1","511.0","2012-04-25 20:01:59.823"
"42370","3","1","570.0","2012-04-25 20:01:59.823"
"42371","1","1","4.84","2012-04-25 20:02:09.873"
"42372","2","1","510.0","2012-04-25 20:02:09.873"
"42373","3","1","568.0","2012-04-25 20:02:09.873"