"ID","SENSORTYPE_ID","LOCATION_ID","VALUE","MEASURE_TIME"
"15005","1","1","4.76","2012-04-19 15:57:15.7"
"15006","2","1","512.0","2012-04-19 15:57:15.7"
"15007","3","1","909.0","2012-04-19 15:57:15.7"
"15008","1","1","4.84","2012-04-19 15:57:25.766"
"15009","2","1","511.0","2012-04-19 15:57:25.774"
"15010","3","1","908.0","2012-04-19 15:57:25.774"
"15011","1","1","4.84","2012-04-19 15:57:35.817"
"15012","2","1","513.0","2012-04-19 15:57:35.818"
"15013","3","1","902.0","2012-04-19 15:57:35.818"
"15014","1","1","4.91","2012-04-19 15:57:45.861"
"15015","2","1","513.0","2012-04-19 15:57:45.861"
"15016","3","1","906.0","2012-04-19 15:57:45.861"
"15017","1","1","4.91","2012-04-19 15:57:55.951"
"15018","2","1","513.0","2012-04-19 15:57:55.951"
"15019","3","1","902.0","2012-04-19 15:57:55.951"
"15020","1","1","5.07","2012-04-19 15:58:06.003"
"15021","2","1","513.0","2012-04-19 15:58:06.003"
"15022","3","1","903.0","2012-04-19 15:58:06.003"
"15023","1","1","5.14","2012-04-19 15:58:16.089"
"15024","2","1","512.0","2012-04-19 15:58:16.089"
"15025","3","1","905.0","2012-04-19 15:58:16.089"
"15026","1","1","5.07","2012-04-19 15:58:26.17"
"15027","2","1","513.0","2012-04-19 15:58:26.171"
"15028","3","1","902.0","2012-04-19 15:58:26.171"
"15029","1","1","5.3","2012-04-19 15:58:36.153"
"15030","2","1","512.0","2012-04-19 15:58:36.153"
"15031","3","1","909.0","2012-04-19 15:58:36.153"
"15032","1","1","5.14","2012-04-19 15:58:46.273"
"15033","2","1","513.0","2012-04-19 15:58:46.273"
"15034","3","1","902.0","2012-04-19 15:58:46.273"
"15035","1","1","5.3","2012-04-19 15:58:56.269"
"15036","2","1","513.0","2012-04-19 15:58:56.283"
"15037","3","1","903.0","2012-04-19 15:58:56.283"
"15038","1","1","5.3","2012-04-19 15:59:06.347"
"15039","2","1","513.0","2012-04-19 15:59:06.347"
"15040","3","1","902.0","2012-04-19 15:59:06.347"
"15041","1","1","5.38","2012-04-19 15:59:16.386"
"15042","2","1","512.0","2012-04-19 15:59:16.386"
"15043","3","1","909.0","2012-04-19 15:59:16.387"
"15044","1","1","5.22","2012-04-19 15:59:26.436"
"15045","2","1","513.0","2012-04-19 15:59:26.436"
"15046","3","1","904.0","2012-04-19 15:59:26.436"
"15047","1","1","5.38","2012-04-19 15:59:36.493"
"15048","2","1","511.0","2012-04-19 15:59:36.494"
"15049","3","1","907.0","2012-04-19 15:59:36.494"
"15050","1","1","5.3","2012-04-19 15:59:46.582"
"15051","2","1","513.0","2012-04-19 15:59:46.582"
"15052","3","1","909.0","2012-04-19 15:59:46.582"
"15053","1","1","5.3","2012-04-19 15:59:56.634"
"15054","2","1","513.0","2012-04-19 15:59:56.634"
"15055","3","1","906.0","2012-04-19 15:59:56.634"
"15056","1","1","5.3","2012-04-19 16:00:06.668"
"15057","2","1","513.0","2012-04-19 16:00:06.668"
"15058","3","1","905.0","2012-04-19 16:00:06.668"
"15059","1","1","5.3","2012-04-19 16:00:16.729"
"15060","2","1","513.0","2012-04-19 16:00:16.729"
"15061","3","1","907.0","2012-04-19 16:00:16.729"
"15062","1","1","5.45","2012-04-19 16:00:26.795"
"15063","2","1","512.0","2012-04-19 16:00:26.803"
"15064","3","1","908.0","2012-04-19 16:00:26.803"
"15065","1","1","5.38","2012-04-19 16:00:36.877"
"15066","2","1","512.0","2012-04-19 16:00:36.877"
"15067","3","1","903.0","2012-04-19 16:00:36.878"
"15068","1","1","5.38","2012-04-19 16:00:46.99"
"15069","2","1","512.0","2012-04-19 16:00:46.99"
"15070","3","1","909.0","2012-04-19 16:00:46.99"
"15071","1","1","5.45","2012-04-19 16:00:56.961"
"15072","2","1","512.0","2012-04-19 16:00:56.961"
"15073","3","1","907.0","2012-04-19 16:00:56.961"
"15074","1","1","5.38","2012-04-19 16:01:07.033"
"15075","2","1","512.0","2012-04-19 16:01:07.034"
"15076","3","1","905.0","2012-04-19 16:01:07.034"
"15077","1","1","5.38","2012-04-19 16:01:17.129"
"15078","2","1","512.0","2012-04-19 16:01:17.129"
"15079","3","1","902.0","2012-04-19 16:01:17.129"
"15080","1","1","5.45","2012-04-19 16:01:27.148"
"15081","2","1","512.0","2012-04-19 16:01:27.209"
"15082","3","1","908.0","2012-04-19 16:01:27.209"
"15083","1","1","5.45","2012-04-19 16:01:37.232"
"15084","2","1","512.0","2012-04-19 16:01:37.232"
"15085","3","1","904.0","2012-04-19 16:01:37.233"
"15086","1","1","5.38","2012-04-19 16:01:47.264"
"15087","2","1","513.0","2012-04-19 16:01:47.264"
"15088","3","1","903.0","2012-04-19 16:01:47.264"
"15089","1","1","5.3","2012-04-19 16:01:57.34"
"15090","2","1","514.0","2012-04-19 16:01:57.354"
"15091","3","1","903.0","2012-04-19 16:01:57.354"
"15092","1","1","5.3","2012-04-19 16:02:07.387"
"15093","2","1","513.0","2012-04-19 16:02:07.387"
"15094","3","1","907.0","2012-04-19 16:02:07.387"
"15095","1","1","5.38","2012-04-19 16:02:17.472"
"15096","2","1","513.0","2012-04-19 16:02:17.473"
"15097","3","1","902.0","2012-04-19 16:02:17.473"
"15098","1","1","5.45","2012-04-19 16:02:27.529"
"15099","2","1","512.0","2012-04-19 16:02:27.53"
"15100","3","1","906.0","2012-04-19 16:02:27.53"
"15101","1","1","5.38","2012-04-19 16:02:37.578"
"15102","2","1","511.0","2012-04-19 16:02:37.578"
"15103","3","1","905.0","2012-04-19 16:02:37.578"
"15104","1","1","5.38","2012-04-19 16:02:47.645"
"15105","2","1","512.0","2012-04-19 16:02:47.645"
"15106","3","1","905.0","2012-04-19 16:02:47.645"
"15107","1","1","5.3","2012-04-19 16:02:57.742"
"15108","2","1","512.0","2012-04-19 16:02:57.742"
"15109","3","1","908.0","2012-04-19 16:02:57.742"
"15110","1","1","5.38","2012-04-19 16:03:07.731"
"15111","2","1","512.0","2012-04-19 16:03:07.731"
"15112","3","1","907.0","2012-04-19 16:03:07.731"
"15113","1","1","5.3","2012-04-19 16:03:17.841"
"15114","2","1","512.0","2012-04-19 16:03:17.841"
"15115","3","1","907.0","2012-04-19 16:03:17.841"
"15116","1","1","5.3","2012-04-19 16:03:27.84"
"15117","2","1","512.0","2012-04-19 16:03:27.85"
"15118","3","1","902.0","2012-04-19 16:03:27.851"
"15119","1","1","5.3","2012-04-19 16:03:37.898"
"15120","2","1","512.0","2012-04-19 16:03:37.898"
"15121","3","1","903.0","2012-04-19 16:03:37.898"
"15122","1","1","5.22","2012-04-19 16:03:47.956"
"15123","2","1","513.0","2012-04-19 16:03:47.957"
"15124","3","1","902.0","2012-04-19 16:03:47.957"
"15125","1","1","5.22","2012-04-19 16:03:58.018"
"15126","2","1","512.0","2012-04-19 16:03:58.018"
"15127","3","1","909.0","2012-04-19 16:03:58.018"
"15128","1","1","5.22","2012-04-19 16:04:08.099"
"15129","2","1","513.0","2012-04-19 16:04:08.1"
"15130","3","1","903.0","2012-04-19 16:04:08.1"
"15131","1","1","5.22","2012-04-19 16:04:18.133"
"15132","2","1","513.0","2012-04-19 16:04:18.133"
"15133","3","1","902.0","2012-04-19 16:04:18.133"
"15134","1","1","5.14","2012-04-19 16:04:28.191"
"15135","2","1","513.0","2012-04-19 16:04:28.191"
"15136","3","1","907.0","2012-04-19 16:04:28.192"
"15137","1","1","5.3","2012-04-19 16:04:38.259"
"15138","2","1","512.0","2012-04-19 16:04:38.259"
"15139","3","1","905.0","2012-04-19 16:04:38.259"
"15140","1","1","5.3","2012-04-19 16:04:48.342"
"15141","2","1","512.0","2012-04-19 16:04:48.342"
"15142","3","1","903.0","2012-04-19 16:04:48.343"
"15143","1","1","5.22","2012-04-19 16:04:58.366"
"15144","2","1","513.0","2012-04-19 16:04:58.372"
"15145","3","1","902.0","2012-04-19 16:04:58.373"
"15146","1","1","5.22","2012-04-19 16:05:08.447"
"15147","2","1","514.0","2012-04-19 16:05:08.447"
"15148","3","1","904.0","2012-04-19 16:05:08.447"
"15149","1","1","5.3","2012-04-19 16:05:18.485"
"15150","2","1","512.0","2012-04-19 16:05:18.485"
"15151","3","1","904.0","2012-04-19 16:05:18.485"
"15152","1","1","5.3","2012-04-19 16:05:28.554"
"15153","2","1","512.0","2012-04-19 16:05:28.554"
"15154","3","1","902.0","2012-04-19 16:05:28.554"
"15155","1","1","5.3","2012-04-19 16:05:38.602"
"15156","2","1","513.0","2012-04-19 16:05:38.602"
"15157","3","1","901.0","2012-04-19 16:05:38.602"
"15158","1","1","5.22","2012-04-19 16:05:48.659"
"15159","2","1","513.0","2012-04-19 16:05:48.659"
"15160","3","1","907.0","2012-04-19 16:05:48.659"
"15161","1","1","5.22","2012-04-19 16:05:58.739"
"15162","2","1","512.0","2012-04-19 16:05:58.739"
"15163","3","1","906.0","2012-04-19 16:05:58.739"
"15164","1","1","5.22","2012-04-19 16:06:08.82"
"15165","2","1","513.0","2012-04-19 16:06:08.821"
"15166","3","1","903.0","2012-04-19 16:06:08.821"
"15167","1","1","5.14","2012-04-19 16:06:18.906"
"15168","2","1","513.0","2012-04-19 16:06:18.906"
"15169","3","1","906.0","2012-04-19 16:06:18.906"
"15170","1","1","5.14","2012-04-19 16:06:28.935"
"15171","2","1","513.0","2012-04-19 16:06:28.945"
"15172","3","1","906.0","2012-04-19 16:06:28.945"
"15173","1","1","5.3","2012-04-19 16:06:38.968"
"15174","2","1","512.0","2012-04-19 16:06:38.968"
"15175","3","1","903.0","2012-04-19 16:06:38.968"
"15176","1","1","5.22","2012-04-19 16:06:49.063"
"15177","2","1","512.0","2012-04-19 16:06:49.063"
"15178","3","1","907.0","2012-04-19 16:06:49.063"
"15179","1","1","5.3","2012-04-19 16:06:59.086"
"15180","2","1","511.0","2012-04-19 16:06:59.086"
"15181","3","1","905.0","2012-04-19 16:06:59.087"
"15182","1","1","5.22","2012-04-19 16:07:09.128"
"15183","2","1","512.0","2012-04-19 16:07:09.128"
"15184","3","1","907.0","2012-04-19 16:07:09.128"
"15185","1","1","5.22","2012-04-19 16:07:19.226"
"15186","2","1","513.0","2012-04-19 16:07:19.226"
"15187","3","1","906.0","2012-04-19 16:07:19.226"
"15188","1","1","5.3","2012-04-19 16:07:29.278"
"15189","2","1","513.0","2012-04-19 16:07:29.278"
"15190","3","1","902.0","2012-04-19 16:07:29.278"
"15191","1","1","5.22","2012-04-19 16:07:39.305"
"15192","2","1","512.0","2012-04-19 16:07:39.305"
"15193","3","1","907.0","2012-04-19 16:07:39.305"
"15194","1","1","5.14","2012-04-19 16:07:49.411"
"15195","2","1","513.0","2012-04-19 16:07:49.412"
"15196","3","1","907.0","2012-04-19 16:07:49.412"
"15197","1","1","5.14","2012-04-19 16:07:59.421"
"15198","2","1","513.0","2012-04-19 16:07:59.431"
"15199","3","1","907.0","2012-04-19 16:07:59.431"
"15200","1","1","5.14","2012-04-19 16:08:09.485"
"15201","2","1","513.0","2012-04-19 16:08:09.485"
"15202","3","1","905.0","2012-04-19 16:08:09.486"
"15203","1","1","5.22","2012-04-19 16:08:19.601"
"15204","2","1","512.0","2012-04-19 16:08:19.601"
"15205","3","1","907.0","2012-04-19 16:08:19.601"
"15206","1","1","5.22","2012-04-19 16:08:29.599"
"15207","2","1","513.0","2012-04-19 16:08:29.599"
"15208","3","1","901.0","2012-04-19 16:08:29.599"
"15209","1","1","5.3","2012-04-19 16:08:39.673"
"15210","2","1","513.0","2012-04-19 16:08:39.673"
"15211","3","1","902.0","2012-04-19 16:08:39.673"
"15212","1","1","5.3","2012-04-19 16:08:49.715"
"15213","2","1","513.0","2012-04-19 16:08:49.715"
"15214","3","1","902.0","2012-04-19 16:08:49.715"
"15215","1","1","5.14","2012-04-19 16:08:59.773"
"15216","2","1","513.0","2012-04-19 16:08:59.773"
"15217","3","1","904.0","2012-04-19 16:08:59.773"
"15218","1","1","5.14","2012-04-19 16:09:09.83"
"15219","2","1","513.0","2012-04-19 16:09:09.831"
"15220","3","1","906.0","2012-04-19 16:09:09.831"
"15221","1","1","5.3","2012-04-19 16:09:19.974"
"15222","2","1","512.0","2012-04-19 16:09:19.974"
"15223","3","1","903.0","2012-04-19 16:09:19.975"
"15224","1","1","5.22","2012-04-19 16:09:29.95"
"15225","2","1","513.0","2012-04-19 16:09:29.964"
"15226","3","1","903.0","2012-04-19 16:09:29.964"
"15227","1","1","5.38","2012-04-19 16:09:40.008"
"15228","2","1","512.0","2012-04-19 16:09:40.008"
"15229","3","1","904.0","2012-04-19 16:09:40.008"
"15230","1","1","5.38","2012-04-19 16:09:50.069"
"15231","2","1","512.0","2012-04-19 16:09:50.07"
"15232","3","1","904.0","2012-04-19 16:09:50.07"
"15233","1","1","5.45","2012-04-19 16:10:00.125"
"15234","2","1","512.0","2012-04-19 16:10:00.125"
"15235","3","1","902.0","2012-04-19 16:10:00.125"
"15236","1","1","5.3","2012-04-19 16:10:10.204"
"15237","2","1","513.0","2012-04-19 16:10:10.204"
"15238","3","1","905.0","2012-04-19 16:10:10.204"
"15239","1","1","5.38","2012-04-19 16:10:20.244"
"15240","2","1","512.0","2012-04-19 16:10:20.244"
"15241","3","1","907.0","2012-04-19 16:10:20.244"
"15242","1","1","5.53","2012-04-19 16:10:30.37"
"15243","2","1","513.0","2012-04-19 16:10:30.371"
"15244","3","1","902.0","2012-04-19 16:10:30.371"
"15245","1","1","5.45","2012-04-19 16:10:40.36"
"15246","2","1","512.0","2012-04-19 16:10:40.36"
"15247","3","1","902.0","2012-04-19 16:10:40.36"
"15248","1","1","5.38","2012-04-19 16:10:50.423"
"15249","2","1","512.0","2012-04-19 16:10:50.423"
"15250","3","1","907.0","2012-04-19 16:10:50.423"
"15251","1","1","5.45","2012-04-19 16:11:00.475"
"15252","2","1","513.0","2012-04-19 16:11:00.485"
"15253","3","1","902.0","2012-04-19 16:11:00.485"
"15254","1","1","5.45","2012-04-19 16:11:10.533"
"15255","2","1","512.0","2012-04-19 16:11:10.533"
"15256","3","1","905.0","2012-04-19 16:11:10.533"
"15257","1","1","5.53","2012-04-19 16:11:20.596"
"15258","2","1","512.0","2012-04-19 16:11:20.596"
"15259","3","1","902.0","2012-04-19 16:11:20.596"
"15260","1","1","5.53","2012-04-19 16:11:30.714"
"15261","2","1","511.0","2012-04-19 16:11:30.715"
"15262","3","1","905.0","2012-04-19 16:11:30.715"
"15263","1","1","5.53","2012-04-19 16:11:40.711"
"15264","2","1","512.0","2012-04-19 16:11:40.712"
"15265","3","1","906.0","2012-04-19 16:11:40.712"
"15266","1","1","5.45","2012-04-19 16:11:50.769"
"15267","2","1","513.0","2012-04-19 16:11:50.769"
"15268","3","1","904.0","2012-04-19 16:11:50.77"
"15269","1","1","5.45","2012-04-19 16:12:00.901"
"15270","2","1","513.0","2012-04-19 16:12:00.901"
"15271","3","1","902.0","2012-04-19 16:12:00.901"
"15272","1","1","5.45","2012-04-19 16:12:10.923"
"15273","2","1","513.0","2012-04-19 16:12:10.923"
"15274","3","1","905.0","2012-04-19 16:12:10.923"
"15275","1","1","5.53","2012-04-19 16:12:20.948"
"15276","2","1","512.0","2012-04-19 16:12:20.948"
"15277","3","1","902.0","2012-04-19 16:12:20.949"
"15278","1","1","5.53","2012-04-19 16:12:31.006"
"15279","2","1","512.0","2012-04-19 16:12:31.018"
"15280","3","1","903.0","2012-04-19 16:12:31.018"
"15281","1","1","5.38","2012-04-19 16:12:41.063"
"15282","2","1","513.0","2012-04-19 16:12:41.064"
"15283","3","1","907.0","2012-04-19 16:12:41.064"
"15284","1","1","5.45","2012-04-19 16:12:51.193"
"15285","2","1","513.0","2012-04-19 16:12:51.193"
"15286","3","1","904.0","2012-04-19 16:12:51.193"
"15287","1","1","5.45","2012-04-19 16:13:01.178"
"15288","2","1","513.0","2012-04-19 16:13:01.179"
"15289","3","1","902.0","2012-04-19 16:13:01.179"
"15290","1","1","5.45","2012-04-19 16:13:11.297"
"15291","2","1","512.0","2012-04-19 16:13:11.297"
"15292","3","1","907.0","2012-04-19 16:13:11.297"
"15293","1","1","5.53","2012-04-19 16:13:21.394"
"15294","2","1","513.0","2012-04-19 16:13:21.394"
"15295","3","1","902.0","2012-04-19 16:13:21.394"
"15296","1","1","5.45","2012-04-19 16:13:31.386"
"15297","2","1","513.0","2012-04-19 16:13:31.386"
"15298","3","1","902.0","2012-04-19 16:13:31.386"
"15299","1","1","5.53","2012-04-19 16:13:41.468"
"15300","2","1","512.0","2012-04-19 16:13:41.469"
"15301","3","1","904.0","2012-04-19 16:13:41.469"
"15302","1","1","5.38","2012-04-19 16:13:51.483"
"15303","2","1","512.0","2012-04-19 16:13:51.483"
"15304","3","1","905.0","2012-04-19 16:13:51.483"
"15305","1","1","5.45","2012-04-19 16:14:01.541"
"15306","2","1","513.0","2012-04-19 16:14:01.55"
"15307","3","1","904.0","2012-04-19 16:14:01.55"
"15308","1","1","5.45","2012-04-19 16:14:11.598"
"15309","2","1","513.0","2012-04-19 16:14:11.598"
"15310","3","1","902.0","2012-04-19 16:14:11.598"
"15311","1","1","5.38","2012-04-19 16:14:21.709"
"15312","2","1","513.0","2012-04-19 16:14:21.709"
"15313","3","1","907.0","2012-04-19 16:14:21.709"
"15314","1","1","5.38","2012-04-19 16:14:31.718"
"15315","2","1","513.0","2012-04-19 16:14:31.719"
"15316","3","1","907.0","2012-04-19 16:14:31.719"
"15317","1","1","5.45","2012-04-19 16:14:41.812"
"15318","2","1","513.0","2012-04-19 16:14:41.813"
"15319","3","1","902.0","2012-04-19 16:14:41.813"
"15320","1","1","5.45","2012-04-19 16:14:51.836"
"15321","2","1","513.0","2012-04-19 16:14:51.836"
"15322","3","1","901.0","2012-04-19 16:14:51.836"
"15323","1","1","5.45","2012-04-19 16:15:01.915"
"15324","2","1","512.0","2012-04-19 16:15:01.915"
"15325","3","1","904.0","2012-04-19 16:15:01.916"
"15326","1","1","5.38","2012-04-19 16:15:11.968"
"15327","2","1","513.0","2012-04-19 16:15:11.968"
"15328","3","1","906.0","2012-04-19 16:15:11.968"
"15329","1","1","5.45","2012-04-19 16:15:22.013"
"15330","2","1","513.0","2012-04-19 16:15:22.013"
"15331","3","1","902.0","2012-04-19 16:15:22.013"
"15332","1","1","5.45","2012-04-19 16:15:32.071"
"15333","2","1","512.0","2012-04-19 16:15:32.143"
"15334","3","1","904.0","2012-04-19 16:15:32.144"
"15335","1","1","5.45","2012-04-19 16:15:42.13"
"15336","2","1","513.0","2012-04-19 16:15:42.13"
"15337","3","1","902.0","2012-04-19 16:15:42.13"
"15338","1","1","5.38","2012-04-19 16:15:52.239"
"15339","2","1","513.0","2012-04-19 16:15:52.239"
"15340","3","1","907.0","2012-04-19 16:15:52.239"
"15341","1","1","5.45","2012-04-19 16:16:02.245"
"15342","2","1","512.0","2012-04-19 16:16:02.245"
"15343","3","1","902.0","2012-04-19 16:16:02.246"
"15344","1","1","5.45","2012-04-19 16:16:12.313"
"15345","2","1","513.0","2012-04-19 16:16:12.314"
"15346","3","1","902.0","2012-04-19 16:16:12.314"
"15347","1","1","5.38","2012-04-19 16:16:22.359"
"15348","2","1","513.0","2012-04-19 16:16:22.359"
"15349","3","1","906.0","2012-04-19 16:16:22.359"
"15350","1","1","5.38","2012-04-19 16:16:32.5"
"15351","2","1","512.0","2012-04-19 16:16:32.501"
"15352","3","1","904.0","2012-04-19 16:16:32.501"
"15353","1","1","5.45","2012-04-19 16:16:42.492"
"15354","2","1","513.0","2012-04-19 16:16:42.492"
"15355","3","1","902.0","2012-04-19 16:16:42.492"
"15356","1","1","5.45","2012-04-19 16:16:52.529"
"15357","2","1","512.0","2012-04-19 16:16:52.529"
"15358","3","1","902.0","2012-04-19 16:16:52.529"
"15359","1","1","5.3","2012-04-19 16:17:02.586"
"15360","2","1","513.0","2012-04-19 16:17:02.654"
"15361","3","1","907.0","2012-04-19 16:17:02.654"
"15362","1","1","5.38","2012-04-19 16:17:12.648"
"15363","2","1","513.0","2012-04-19 16:17:12.648"
"15364","3","1","904.0","2012-04-19 16:17:12.648"
"15365","1","1","5.38","2012-04-19 16:17:22.794"
"15366","2","1","513.0","2012-04-19 16:17:22.794"
"15367","3","1","905.0","2012-04-19 16:17:22.794"
"15368","1","1","5.38","2012-04-19 16:17:32.764"
"15369","2","1","513.0","2012-04-19 16:17:32.764"
"15370","3","1","904.0","2012-04-19 16:17:32.765"
"15371","1","1","5.38","2012-04-19 16:17:42.841"
"15372","2","1","512.0","2012-04-19 16:17:42.841"
"15373","3","1","903.0","2012-04-19 16:17:42.841"
"15374","1","1","5.38","2012-04-19 16:17:52.95"
"15375","2","1","513.0","2012-04-19 16:17:52.95"
"15376","3","1","903.0","2012-04-19 16:17:52.95"
"15377","1","1","5.38","2012-04-19 16:18:02.942"
"15378","2","1","513.0","2012-04-19 16:18:02.942"
"15379","3","1","902.0","2012-04-19 16:18:02.942"
"15380","1","1","5.38","2012-04-19 16:18:13.053"
"15381","2","1","513.0","2012-04-19 16:18:13.054"
"15382","3","1","902.0","2012-04-19 16:18:13.054"
"15383","1","1","5.3","2012-04-19 16:18:23.139"
"15384","2","1","513.0","2012-04-19 16:18:23.14"
"15385","3","1","907.0","2012-04-19 16:18:23.14"
"15386","1","1","5.38","2012-04-19 16:18:33.131"
"15387","2","1","512.0","2012-04-19 16:18:33.139"
"15388","3","1","902.0","2012-04-19 16:18:33.139"
"15389","1","1","5.3","2012-04-19 16:18:43.183"
"15390","2","1","513.0","2012-04-19 16:18:43.183"
"15391","3","1","907.0","2012-04-19 16:18:43.183"
"15392","1","1","5.3","2012-04-19 16:18:53.231"
"15393","2","1","513.0","2012-04-19 16:18:53.231"
"15394","3","1","902.0","2012-04-19 16:18:53.232"
"15395","1","1","5.3","2012-04-19 16:19:03.295"
"15396","2","1","513.0","2012-04-19 16:19:03.295"
"15397","3","1","904.0","2012-04-19 16:19:03.295"
"15398","1","1","5.22","2012-04-19 16:19:13.37"
"15399","2","1","512.0","2012-04-19 16:19:13.37"
"15400","3","1","906.0","2012-04-19 16:19:13.37"
"15401","1","1","5.3","2012-04-19 16:19:23.456"
"15402","2","1","513.0","2012-04-19 16:19:23.456"
"15403","3","1","903.0","2012-04-19 16:19:23.456"
"15404","1","1","5.22","2012-04-19 16:19:33.468"
"15405","2","1","513.0","2012-04-19 16:19:33.468"
"15406","3","1","904.0","2012-04-19 16:19:33.468"
"15407","1","1","5.22","2012-04-19 16:19:43.525"
"15408","2","1","513.0","2012-04-19 16:19:43.525"
"15409","3","1","901.0","2012-04-19 16:19:43.525"
"15410","1","1","5.22","2012-04-19 16:19:53.583"
"15411","2","1","513.0","2012-04-19 16:19:53.583"
"15412","3","1","902.0","2012-04-19 16:19:53.583"
"15413","1","1","5.22","2012-04-19 16:20:03.641"
"15414","2","1","512.0","2012-04-19 16:20:03.652"
"15415","3","1","903.0","2012-04-19 16:20:03.652"
"15416","1","1","5.22","2012-04-19 16:20:13.7"
"15417","2","1","512.0","2012-04-19 16:20:13.7"
"15418","3","1","903.0","2012-04-19 16:20:13.7"
"15419","1","1","5.3","2012-04-19 16:20:23.841"
"15420","2","1","513.0","2012-04-19 16:20:23.841"
"15421","3","1","901.0","2012-04-19 16:20:23.841"
"15422","1","1","5.22","2012-04-19 16:20:33.828"
"15423","2","1","513.0","2012-04-19 16:20:33.829"
"15424","3","1","906.0","2012-04-19 16:20:33.829"
"15425","1","1","5.14","2012-04-19 16:20:43.887"
"15426","2","1","511.0","2012-04-19 16:20:43.887"
"15427","3","1","903.0","2012-04-19 16:20:43.887"
"15428","1","1","5.14","2012-04-19 16:20:54.026"
"15429","2","1","512.0","2012-04-19 16:20:54.026"
"15430","3","1","905.0","2012-04-19 16:20:54.026"
"15431","1","1","5.22","2012-04-19 16:21:04.003"
"15432","2","1","512.0","2012-04-19 16:21:04.003"
"15433","3","1","902.0","2012-04-19 16:21:04.003"
"15434","1","1","5.14","2012-04-19 16:21:14.099"
"15435","2","1","512.0","2012-04-19 16:21:14.1"
"15436","3","1","904.0","2012-04-19 16:21:14.1"
"15437","1","1","5.14","2012-04-19 16:21:24.127"
"15438","2","1","512.0","2012-04-19 16:21:24.127"
"15439","3","1","905.0","2012-04-19 16:21:24.127"
"15440","1","1","5.14","2012-04-19 16:21:34.181"
"15441","2","1","512.0","2012-04-19 16:21:34.189"
"15442","3","1","906.0","2012-04-19 16:21:34.189"
"15443","1","1","5.14","2012-04-19 16:21:44.324"
"15444","2","1","512.0","2012-04-19 16:21:44.325"
"15445","3","1","905.0","2012-04-19 16:21:44.325"
"15446","1","1","5.14","2012-04-19 16:21:54.377"
"15447","2","1","512.0","2012-04-19 16:21:54.377"
"15448","3","1","905.0","2012-04-19 16:21:54.377"
"15449","1","1","5.14","2012-04-19 16:22:04.369"
"15450","2","1","513.0","2012-04-19 16:22:04.369"
"15451","3","1","906.0","2012-04-19 16:22:04.369"
"15452","1","1","5.22","2012-04-19 16:22:14.412"
"15453","2","1","513.0","2012-04-19 16:22:14.412"
"15454","3","1","902.0","2012-04-19 16:22:14.412"
"15455","1","1","5.14","2012-04-19 16:22:24.496"
"15456","2","1","512.0","2012-04-19 16:22:24.497"
"15457","3","1","904.0","2012-04-19 16:22:24.497"
"15458","1","1","5.22","2012-04-19 16:22:34.549"
"15459","2","1","513.0","2012-04-19 16:22:34.549"
"15460","3","1","902.0","2012-04-19 16:22:34.549"
"15461","1","1","5.22","2012-04-19 16:22:44.63"
"15462","2","1","512.0","2012-04-19 16:22:44.63"
"15463","3","1","903.0","2012-04-19 16:22:44.63"
"15464","1","1","5.22","2012-04-19 16:22:54.638"
"15465","2","1","513.0","2012-04-19 16:22:54.638"
"15466","3","1","901.0","2012-04-19 16:22:54.638"
"15467","1","1","5.14","2012-04-19 16:23:04.734"
"15468","2","1","512.0","2012-04-19 16:23:04.742"
"15469","3","1","906.0","2012-04-19 16:23:04.742"
"15470","1","1","5.22","2012-04-19 16:23:14.786"
"15471","2","1","513.0","2012-04-19 16:23:14.786"
"15472","3","1","902.0","2012-04-19 16:23:14.787"
"15473","1","1","5.14","2012-04-19 16:23:24.825"
"15474","2","1","512.0","2012-04-19 16:23:24.825"
"15475","3","1","905.0","2012-04-19 16:23:24.826"
"15476","1","1","5.22","2012-04-19 16:23:34.964"
"15477","2","1","512.0","2012-04-19 16:23:34.964"
"15478","3","1","901.0","2012-04-19 16:23:34.964"
"15479","1","1","5.22","2012-04-19 16:23:44.985"
"15480","2","1","512.0","2012-04-19 16:23:44.985"
"15481","3","1","903.0","2012-04-19 16:23:44.985"
"15482","1","1","5.22","2012-04-19 16:23:55.007"
"15483","2","1","513.0","2012-04-19 16:23:55.007"
"15484","3","1","904.0","2012-04-19 16:23:55.007"
"15485","1","1","5.22","2012-04-19 16:24:05.07"
"15486","2","1","512.0","2012-04-19 16:24:05.07"
"15487","3","1","902.0","2012-04-19 16:24:05.07"
"15488","1","1","5.22","2012-04-19 16:24:15.143"
"15489","2","1","513.0","2012-04-19 16:24:15.144"
"15490","3","1","903.0","2012-04-19 16:24:15.144"
"15491","1","1","5.3","2012-04-19 16:24:25.25"
"15492","2","1","512.0","2012-04-19 16:24:25.251"
"15493","3","1","901.0","2012-04-19 16:24:25.251"
"15494","1","1","5.22","2012-04-19 16:24:35.226"
"15495","2","1","512.0","2012-04-19 16:24:35.301"
"15496","3","1","906.0","2012-04-19 16:24:35.301"
"15497","1","1","5.3","2012-04-19 16:24:45.285"
"15498","2","1","513.0","2012-04-19 16:24:45.285"
"15499","3","1","902.0","2012-04-19 16:24:45.285"
"15500","1","1","5.22","2012-04-19 16:24:55.376"
"15501","2","1","513.0","2012-04-19 16:24:55.376"
"15502","3","1","906.0","2012-04-19 16:24:55.377"
"15503","1","1","5.22","2012-04-19 16:25:05.4"
"15504","2","1","512.0","2012-04-19 16:25:05.4"
"15505","3","1","905.0","2012-04-19 16:25:05.4"
"15506","1","1","5.3","2012-04-19 16:25:15.481"
"15507","2","1","512.0","2012-04-19 16:25:15.481"
"15508","3","1","901.0","2012-04-19 16:25:15.481"
"15509","1","1","5.22","2012-04-19 16:25:25.52"
"15510","2","1","512.0","2012-04-19 16:25:25.52"
"15511","3","1","902.0","2012-04-19 16:25:25.52"
"15512","1","1","5.22","2012-04-19 16:25:35.577"
"15513","2","1","512.0","2012-04-19 16:25:35.577"
"15514","3","1","904.0","2012-04-19 16:25:35.577"
"15515","1","1","5.22","2012-04-19 16:25:45.636"
"15516","2","1","512.0","2012-04-19 16:25:45.636"
"15517","3","1","904.0","2012-04-19 16:25:45.636"
"15518","1","1","5.3","2012-04-19 16:25:55.751"
"15519","2","1","513.0","2012-04-19 16:25:55.751"
"15520","3","1","905.0","2012-04-19 16:25:55.751"
"15521","1","1","5.22","2012-04-19 16:26:05.751"
"15522","2","1","513.0","2012-04-19 16:26:05.761"
"15523","3","1","902.0","2012-04-19 16:26:05.761"
"15524","1","1","5.22","2012-04-19 16:26:15.854"
"15525","2","1","513.0","2012-04-19 16:26:15.854"
"15526","3","1","906.0","2012-04-19 16:26:15.854"
"15527","1","1","5.14","2012-04-19 16:26:25.871"
"15528","2","1","512.0","2012-04-19 16:26:25.871"
"15529","3","1","901.0","2012-04-19 16:26:25.871"
"15530","1","1","5.14","2012-04-19 16:26:35.935"
"15531","2","1","512.0","2012-04-19 16:26:35.935"
"15532","3","1","902.0","2012-04-19 16:26:35.935"
"15533","1","1","5.22","2012-04-19 16:26:46.048"
"15534","2","1","512.0","2012-04-19 16:26:46.048"
"15535","3","1","901.0","2012-04-19 16:26:46.048"
"15536","1","1","5.22","2012-04-19 16:26:56.101"
"15537","2","1","512.0","2012-04-19 16:26:56.101"
"15538","3","1","902.0","2012-04-19 16:26:56.102"
"15539","1","1","5.22","2012-04-19 16:27:06.117"
"15540","2","1","513.0","2012-04-19 16:27:06.117"
"15541","3","1","903.0","2012-04-19 16:27:06.117"
"15542","1","1","5.14","2012-04-19 16:27:16.182"
"15543","2","1","512.0","2012-04-19 16:27:16.183"
"15544","3","1","903.0","2012-04-19 16:27:16.183"
"15545","1","1","5.22","2012-04-19 16:27:26.223"
"15546","2","1","513.0","2012-04-19 16:27:26.223"
"15547","3","1","901.0","2012-04-19 16:27:26.223"
"15548","1","1","5.22","2012-04-19 16:27:36.281"
"15549","2","1","512.0","2012-04-19 16:27:36.375"
"15550","3","1","901.0","2012-04-19 16:27:36.375"
"15551","1","1","5.14","2012-04-19 16:27:46.338"
"15552","2","1","512.0","2012-04-19 16:27:46.339"
"15553","3","1","902.0","2012-04-19 16:27:46.339"
"15554","1","1","5.22","2012-04-19 16:27:56.45"
"15555","2","1","513.0","2012-04-19 16:27:56.45"
"15556","3","1","901.0","2012-04-19 16:27:56.45"
"15557","1","1","5.14","2012-04-19 16:28:06.455"
"15558","2","1","512.0","2012-04-19 16:28:06.455"
"15559","3","1","902.0","2012-04-19 16:28:06.455"
"15560","1","1","5.3","2012-04-19 16:28:16.53"
"15561","2","1","513.0","2012-04-19 16:28:16.531"
"15562","3","1","902.0","2012-04-19 16:28:16.531"
"15563","1","1","5.22","2012-04-19 16:28:26.58"
"15564","2","1","513.0","2012-04-19 16:28:26.58"
"15565","3","1","906.0","2012-04-19 16:28:26.58"
"15566","1","1","5.22","2012-04-19 16:28:36.662"
"15567","2","1","512.0","2012-04-19 16:28:36.662"
"15568","3","1","905.0","2012-04-19 16:28:36.662"
"15569","1","1","5.22","2012-04-19 16:28:46.714"
"15570","2","1","512.0","2012-04-19 16:28:46.715"
"15571","3","1","901.0","2012-04-19 16:28:46.715"
"15572","1","1","5.3","2012-04-19 16:28:56.827"
"15573","2","1","513.0","2012-04-19 16:28:56.827"
"15574","3","1","901.0","2012-04-19 16:28:56.827"
"15575","1","1","5.3","2012-04-19 16:29:06.88"
"15576","2","1","513.0","2012-04-19 16:29:06.898"
"15577","3","1","903.0","2012-04-19 16:29:06.898"
"15578","1","1","5.3","2012-04-19 16:29:16.878"
"15579","2","1","513.0","2012-04-19 16:29:16.878"
"15580","3","1","901.0","2012-04-19 16:29:16.878"
"15581","1","1","5.3","2012-04-19 16:29:26.941"
"15582","2","1","513.0","2012-04-19 16:29:26.941"
"15583","3","1","905.0","2012-04-19 16:29:26.941"
"15584","1","1","5.3","2012-04-19 16:29:37.045"
"15585","2","1","513.0","2012-04-19 16:29:37.045"
"15586","3","1","903.0","2012-04-19 16:29:37.045"
"15587","1","1","5.22","2012-04-19 16:29:47.097"
"15588","2","1","512.0","2012-04-19 16:29:47.097"
"15589","3","1","901.0","2012-04-19 16:29:47.097"
"15590","1","1","5.3","2012-04-19 16:29:57.099"
"15591","2","1","513.0","2012-04-19 16:29:57.099"
"15592","3","1","903.0","2012-04-19 16:29:57.099"
"15593","1","1","5.3","2012-04-19 16:30:07.17"
"15594","2","1","512.0","2012-04-19 16:30:07.17"
"15595","3","1","902.0","2012-04-19 16:30:07.17"
"15596","1","1","5.38","2012-04-19 16:30:17.219"
"15597","2","1","513.0","2012-04-19 16:30:17.219"
"15598","3","1","904.0","2012-04-19 16:30:17.219"
"15599","1","1","5.38","2012-04-19 16:30:27.307"
"15600","2","1","513.0","2012-04-19 16:30:27.308"
"15601","3","1","905.0","2012-04-19 16:30:27.308"
"15602","1","1","5.3","2012-04-19 16:30:37.389"
"15603","2","1","513.0","2012-04-19 16:30:37.397"
"15604","3","1","906.0","2012-04-19 16:30:37.397"
"15605","1","1","5.38","2012-04-19 16:30:47.419"
"15606","2","1","513.0","2012-04-19 16:30:47.419"
"15607","3","1","903.0","2012-04-19 16:30:47.419"
"15608","1","1","5.38","2012-04-19 16:30:57.492"
"15609","2","1","513.0","2012-04-19 16:30:57.493"
"15610","3","1","905.0","2012-04-19 16:30:57.493"
"15611","1","1","5.45","2012-04-19 16:31:07.509"
"15612","2","1","513.0","2012-04-19 16:31:07.509"
"15613","3","1","901.0","2012-04-19 16:31:07.509"
"15614","1","1","5.38","2012-04-19 16:31:17.66"
"15615","2","1","512.0","2012-04-19 16:31:17.66"
"15616","3","1","903.0","2012-04-19 16:31:17.66"
"15617","1","1","5.45","2012-04-19 16:31:27.652"
"15618","2","1","513.0","2012-04-19 16:31:27.652"
"15619","3","1","904.0","2012-04-19 16:31:27.652"
"15620","1","1","5.45","2012-04-19 16:31:37.688"
"15621","2","1","512.0","2012-04-19 16:31:37.688"
"15622","3","1","901.0","2012-04-19 16:31:37.688"
"15623","1","1","5.38","2012-04-19 16:31:47.816"
"15624","2","1","512.0","2012-04-19 16:31:47.817"
"15625","3","1","902.0","2012-04-19 16:31:47.817"
"15626","1","1","5.38","2012-04-19 16:31:57.868"
"15627","2","1","512.0","2012-04-19 16:31:57.868"
"15628","3","1","902.0","2012-04-19 16:31:57.868"
"15629","1","1","5.45","2012-04-19 16:32:07.862"
"15630","2","1","512.0","2012-04-19 16:32:07.869"
"15631","3","1","905.0","2012-04-19 16:32:07.869"
"15632","1","1","5.45","2012-04-19 16:32:17.933"
"15633","2","1","512.0","2012-04-19 16:32:17.933"
"15634","3","1","901.0","2012-04-19 16:32:17.933"
"15635","1","1","5.53","2012-04-19 16:32:28.039"
"15636","2","1","513.0","2012-04-19 16:32:28.039"
"15637","3","1","904.0","2012-04-19 16:32:28.039"
"15638","1","1","5.45","2012-04-19 16:32:38.091"
"15639","2","1","513.0","2012-04-19 16:32:38.091"
"15640","3","1","904.0","2012-04-19 16:32:38.091"
"15641","1","1","5.45","2012-04-19 16:32:48.142"
"15642","2","1","513.0","2012-04-19 16:32:48.143"
"15643","3","1","901.0","2012-04-19 16:32:48.143"
"15644","1","1","5.3","2012-04-19 16:32:58.194"
"15645","2","1","512.0","2012-04-19 16:32:58.194"
"15646","3","1","904.0","2012-04-19 16:32:58.194"
"15647","1","1","5.3","2012-04-19 16:33:08.276"
"15648","2","1","512.0","2012-04-19 16:33:08.276"
"15649","3","1","904.0","2012-04-19 16:33:08.277"
"15650","1","1","5.38","2012-04-19 16:33:18.291"
"15651","2","1","513.0","2012-04-19 16:33:18.292"
"15652","3","1","901.0","2012-04-19 16:33:18.292"
"15653","1","1","5.38","2012-04-19 16:33:28.343"
"15654","2","1","513.0","2012-04-19 16:33:28.344"
"15655","3","1","904.0","2012-04-19 16:33:28.344"
"15656","1","1","5.38","2012-04-19 16:33:38.395"
"15657","2","1","513.0","2012-04-19 16:33:38.403"
"15658","3","1","904.0","2012-04-19 16:33:38.403"
"15659","1","1","5.3","2012-04-19 16:33:48.468"
"15660","2","1","512.0","2012-04-19 16:33:48.468"
"15661","3","1","903.0","2012-04-19 16:33:48.468"
"15662","1","1","5.3","2012-04-19 16:33:58.507"
"15663","2","1","512.0","2012-04-19 16:33:58.507"
"15664","3","1","903.0","2012-04-19 16:33:58.507"
"15665","1","1","5.38","2012-04-19 16:34:08.581"
"15666","2","1","513.0","2012-04-19 16:34:08.581"
"15667","3","1","905.0","2012-04-19 16:34:08.581"
"15668","1","1","5.38","2012-04-19 16:34:18.626"
"15669","2","1","513.0","2012-04-19 16:34:18.626"
"15670","3","1","904.0","2012-04-19 16:34:18.626"
"15671","1","1","5.3","2012-04-19 16:34:28.719"
"15672","2","1","513.0","2012-04-19 16:34:28.719"
"15673","3","1","905.0","2012-04-19 16:34:28.719"
"15674","1","1","5.3","2012-04-19 16:34:38.771"
"15675","2","1","513.0","2012-04-19 16:34:38.771"
"15676","3","1","902.0","2012-04-19 16:34:38.771"
"15677","1","1","5.22","2012-04-19 16:34:48.852"
"15678","2","1","512.0","2012-04-19 16:34:48.852"
"15679","3","1","904.0","2012-04-19 16:34:48.853"
"15680","1","1","5.3","2012-04-19 16:34:58.964"
"15681","2","1","512.0","2012-04-19 16:34:58.964"
"15682","3","1","900.0","2012-04-19 16:34:58.965"
"15683","1","1","5.3","2012-04-19 16:35:08.957"
"15684","2","1","512.0","2012-04-19 16:35:08.965"
"15685","3","1","900.0","2012-04-19 16:35:08.965"
"15686","1","1","5.22","2012-04-19 16:35:18.978"
"15687","2","1","512.0","2012-04-19 16:35:18.979"
"15688","3","1","903.0","2012-04-19 16:35:18.979"
"15689","1","1","5.22","2012-04-19 16:35:29.064"
"15690","2","1","512.0","2012-04-19 16:35:29.064"
"15691","3","1","901.0","2012-04-19 16:35:29.064"
"15692","1","1","5.3","2012-04-19 16:35:39.116"
"15693","2","1","512.0","2012-04-19 16:35:39.116"
"15694","3","1","900.0","2012-04-19 16:35:39.116"
"15695","1","1","5.22","2012-04-19 16:35:49.151"
"15696","2","1","513.0","2012-04-19 16:35:49.151"
"15697","3","1","904.0","2012-04-19 16:35:49.151"
"15698","1","1","5.3","2012-04-19 16:35:59.219"
"15699","2","1","513.0","2012-04-19 16:35:59.219"
"15700","3","1","900.0","2012-04-19 16:35:59.219"
"15701","1","1","5.3","2012-04-19 16:36:09.361"
"15702","2","1","513.0","2012-04-19 16:36:09.361"
"15703","3","1","900.0","2012-04-19 16:36:09.361"
"15704","1","1","5.22","2012-04-19 16:36:19.357"
"15705","2","1","512.0","2012-04-19 16:36:19.357"
"15706","3","1","901.0","2012-04-19 16:36:19.357"
"15707","1","1","5.3","2012-04-19 16:36:29.41"
"15708","2","1","513.0","2012-04-19 16:36:29.41"
"15709","3","1","900.0","2012-04-19 16:36:29.41"
"15710","1","1","5.22","2012-04-19 16:36:39.494"
"15711","2","1","513.0","2012-04-19 16:36:39.502"
"15712","3","1","904.0","2012-04-19 16:36:39.502"
"15713","1","1","5.3","2012-04-19 16:36:49.547"
"15714","2","1","513.0","2012-04-19 16:36:49.548"
"15715","3","1","900.0","2012-04-19 16:36:49.548"
"15716","1","1","5.22","2012-04-19 16:36:59.601"
"15717","2","1","512.0","2012-04-19 16:36:59.601"
"15718","3","1","903.0","2012-04-19 16:36:59.602"
"15719","1","1","5.22","2012-04-19 16:37:09.624"
"15720","2","1","513.0","2012-04-19 16:37:09.624"
"15721","3","1","900.0","2012-04-19 16:37:09.624"
"15722","1","1","5.14","2012-04-19 16:37:19.71"
"15723","2","1","512.0","2012-04-19 16:37:19.71"
"15724","3","1","901.0","2012-04-19 16:37:19.711"
"15725","1","1","5.22","2012-04-19 16:37:29.751"
"15726","2","1","513.0","2012-04-19 16:37:29.751"
"15727","3","1","900.0","2012-04-19 16:37:29.751"
"15728","1","1","5.22","2012-04-19 16:37:39.844"
"15729","2","1","513.0","2012-04-19 16:37:39.844"
"15730","3","1","902.0","2012-04-19 16:37:39.844"
"15731","1","1","5.14","2012-04-19 16:37:49.854"
"15732","2","1","512.0","2012-04-19 16:37:49.855"
"15733","3","1","901.0","2012-04-19 16:37:49.855"
"15734","1","1","5.14","2012-04-19 16:37:59.913"
"15735","2","1","512.0","2012-04-19 16:37:59.913"
"15736","3","1","903.0","2012-04-19 16:37:59.913"
"15737","1","1","5.14","2012-04-19 16:38:09.97"
"15738","2","1","512.0","2012-04-19 16:38:09.977"
"15739","3","1","901.0","2012-04-19 16:38:09.977"
"15740","1","1","5.14","2012-04-19 16:38:20.115"
"15741","2","1","512.0","2012-04-19 16:38:20.115"
"15742","3","1","901.0","2012-04-19 16:38:20.115"
"15743","1","1","5.14","2012-04-19 16:38:29.994"
"15744","2","1","512.0","2012-04-19 16:38:29.994"
"15745","3","1","899.0","2012-04-19 16:38:29.994"
"15746","1","1","5.14","2012-04-19 16:38:40.025"
"15747","2","1","513.0","2012-04-19 16:38:40.026"
"15748","3","1","902.0","2012-04-19 16:38:40.026"
"15749","1","1","5.22","2012-04-19 16:38:50.107"
"15750","2","1","513.0","2012-04-19 16:38:50.107"
"15751","3","1","900.0","2012-04-19 16:38:50.107"
"15752","1","1","5.22","2012-04-19 16:39:00.102"
"15753","2","1","513.0","2012-04-19 16:39:00.102"
"15754","3","1","900.0","2012-04-19 16:39:00.102"
"15755","1","1","5.22","2012-04-19 16:39:10.24"
"15756","2","1","513.0","2012-04-19 16:39:10.24"
"15757","3","1","901.0","2012-04-19 16:39:10.241"
"15758","1","1","5.14","2012-04-19 16:39:20.217"
"15759","2","1","513.0","2012-04-19 16:39:20.217"
"15760","3","1","901.0","2012-04-19 16:39:20.217"
"15761","1","1","5.22","2012-04-19 16:39:30.275"
"15762","2","1","512.0","2012-04-19 16:39:30.275"
"15763","3","1","897.0","2012-04-19 16:39:30.275"
"15764","1","1","5.14","2012-04-19 16:39:40.335"
"15765","2","1","512.0","2012-04-19 16:39:40.437"
"15766","3","1","897.0","2012-04-19 16:39:40.437"
"15767","1","1","5.14","2012-04-19 16:39:50.451"
"15768","2","1","512.0","2012-04-19 16:39:50.451"
"15769","3","1","899.0","2012-04-19 16:39:50.451"
"15770","1","1","5.22","2012-04-19 16:40:00.451"
"15771","2","1","513.0","2012-04-19 16:40:00.451"
"15772","3","1","901.0","2012-04-19 16:40:00.451"
"15773","1","1","5.14","2012-04-19 16:40:10.52"
"15774","2","1","512.0","2012-04-19 16:40:10.52"
"15775","3","1","897.0","2012-04-19 16:40:10.52"
"15776","1","1","5.22","2012-04-19 16:40:20.567"
"15777","2","1","512.0","2012-04-19 16:40:20.567"
"15778","3","1","900.0","2012-04-19 16:40:20.567"
"15779","1","1","5.22","2012-04-19 16:40:30.625"
"15780","2","1","513.0","2012-04-19 16:40:30.625"
"15781","3","1","899.0","2012-04-19 16:40:30.625"
"15782","1","1","5.3","2012-04-19 16:40:40.711"
"15783","2","1","513.0","2012-04-19 16:40:40.711"
"15784","3","1","896.0","2012-04-19 16:40:40.711"
"15785","1","1","5.22","2012-04-19 16:40:50.793"
"15786","2","1","512.0","2012-04-19 16:40:50.793"
"15787","3","1","896.0","2012-04-19 16:40:50.793"
"15788","1","1","5.3","2012-04-19 16:41:00.801"
"15789","2","1","513.0","2012-04-19 16:41:00.801"
"15790","3","1","898.0","2012-04-19 16:41:00.801"
"15791","1","1","5.22","2012-04-19 16:41:10.859"
"15792","2","1","513.0","2012-04-19 16:41:10.955"
"15793","3","1","899.0","2012-04-19 16:41:10.955"
"15794","1","1","5.22","2012-04-19 16:41:20.948"
"15795","2","1","513.0","2012-04-19 16:41:20.948"
"15796","3","1","899.0","2012-04-19 16:41:20.948"
"15797","1","1","5.3","2012-04-19 16:41:30.975"
"15798","2","1","513.0","2012-04-19 16:41:30.975"
"15799","3","1","896.0","2012-04-19 16:41:30.975"
"15800","1","1","5.3","2012-04-19 16:41:41.107"
"15801","2","1","513.0","2012-04-19 16:41:41.107"
"15802","3","1","898.0","2012-04-19 16:41:41.107"
"15803","1","1","5.22","2012-04-19 16:41:51.082"
"15804","2","1","512.0","2012-04-19 16:41:51.082"
"15805","3","1","895.0","2012-04-19 16:41:51.082"
"15806","1","1","5.3","2012-04-19 16:42:01.141"
"15807","2","1","513.0","2012-04-19 16:42:01.141"
"15808","3","1","896.0","2012-04-19 16:42:01.141"
"15809","1","1","5.3","2012-04-19 16:42:11.265"
"15810","2","1","512.0","2012-04-19 16:42:11.265"
"15811","3","1","897.0","2012-04-19 16:42:11.265"
"15812","1","1","5.3","2012-04-19 16:42:21.286"
"15813","2","1","513.0","2012-04-19 16:42:21.286"
"15814","3","1","894.0","2012-04-19 16:42:21.286"
"15815","1","1","5.3","2012-04-19 16:42:31.367"
"15816","2","1","512.0","2012-04-19 16:42:31.367"
"15817","3","1","893.0","2012-04-19 16:42:31.367"
"15818","1","1","5.3","2012-04-19 16:42:41.421"
"15819","2","1","512.0","2012-04-19 16:42:41.429"
"15820","3","1","894.0","2012-04-19 16:42:41.429"
"15821","1","1","5.38","2012-04-19 16:42:51.432"
"15822","2","1","513.0","2012-04-19 16:42:51.432"
"15823","3","1","896.0","2012-04-19 16:42:51.432"
"15824","1","1","5.3","2012-04-19 16:43:01.494"
"15825","2","1","512.0","2012-04-19 16:43:01.494"
"15826","3","1","895.0","2012-04-19 16:43:01.494"
"15827","1","1","5.3","2012-04-19 16:43:11.548"
"15828","2","1","513.0","2012-04-19 16:43:11.548"
"15829","3","1","894.0","2012-04-19 16:43:11.548"
"15830","1","1","5.22","2012-04-19 16:43:21.606"
"15831","2","1","513.0","2012-04-19 16:43:21.606"
"15832","3","1","892.0","2012-04-19 16:43:21.606"
"15833","1","1","5.22","2012-04-19 16:43:31.663"
"15834","2","1","513.0","2012-04-19 16:43:31.663"
"15835","3","1","894.0","2012-04-19 16:43:31.663"
"15836","1","1","5.14","2012-04-19 16:43:41.792"
"15837","2","1","512.0","2012-04-19 16:43:41.792"
"15838","3","1","892.0","2012-04-19 16:43:41.792"
"15839","1","1","5.22","2012-04-19 16:43:51.785"
"15840","2","1","513.0","2012-04-19 16:43:51.785"
"15841","3","1","892.0","2012-04-19 16:43:51.785"
"15842","1","1","5.14","2012-04-19 16:44:01.839"
"15843","2","1","513.0","2012-04-19 16:44:01.84"
"15844","3","1","891.0","2012-04-19 16:44:01.84"
"15845","1","1","5.14","2012-04-19 16:44:11.953"
"15846","2","1","513.0","2012-04-19 16:44:11.962"
"15847","3","1","890.0","2012-04-19 16:44:11.962"
"15848","1","1","5.07","2012-04-19 16:44:21.977"
"15849","2","1","512.0","2012-04-19 16:44:21.977"
"15850","3","1","892.0","2012-04-19 16:44:21.977"
"15851","1","1","5.14","2012-04-19 16:44:32.015"
"15852","2","1","513.0","2012-04-19 16:44:32.015"
"15853","3","1","889.0","2012-04-19 16:44:32.015"
"15854","1","1","5.22","2012-04-19 16:44:42.086"
"15855","2","1","513.0","2012-04-19 16:44:42.086"
"15856","3","1","890.0","2012-04-19 16:44:42.087"
"15857","1","1","5.14","2012-04-19 16:44:52.2"
"15858","2","1","512.0","2012-04-19 16:44:52.2"
"15859","3","1","889.0","2012-04-19 16:44:52.2"
"15860","1","1","5.14","2012-04-19 16:45:02.223"
"15861","2","1","513.0","2012-04-19 16:45:02.223"
"15862","3","1","888.0","2012-04-19 16:45:02.223"
"15863","1","1","5.14","2012-04-19 16:45:12.247"
"15864","2","1","512.0","2012-04-19 16:45:12.248"
"15865","3","1","890.0","2012-04-19 16:45:12.248"
"15866","1","1","5.22","2012-04-19 16:45:22.357"
"15867","2","1","513.0","2012-04-19 16:45:22.357"
"15868","3","1","887.0","2012-04-19 16:45:22.357"
"15869","1","1","5.14","2012-04-19 16:45:32.365"
"15870","2","1","513.0","2012-04-19 16:45:32.365"
"15871","3","1","887.0","2012-04-19 16:45:32.365"
"15872","1","1","5.14","2012-04-19 16:45:42.422"
"15873","2","1","513.0","2012-04-19 16:45:42.43"
"15874","3","1","890.0","2012-04-19 16:45:42.43"
"15875","1","1","5.14","2012-04-19 16:45:52.48"
"15876","2","1","513.0","2012-04-19 16:45:52.48"
"15877","3","1","888.0","2012-04-19 16:45:52.48"
"15878","1","1","5.14","2012-04-19 16:46:02.538"
"15879","2","1","513.0","2012-04-19 16:46:02.539"
"15880","3","1","888.0","2012-04-19 16:46:02.539"
"15881","1","1","5.14","2012-04-19 16:46:12.648"
"15882","2","1","513.0","2012-04-19 16:46:12.648"
"15883","3","1","888.0","2012-04-19 16:46:12.648"
"15884","1","1","5.14","2012-04-19 16:46:22.669"
"15885","2","1","513.0","2012-04-19 16:46:22.67"
"15886","3","1","886.0","2012-04-19 16:46:22.67"
"15887","1","1","5.14","2012-04-19 16:46:32.713"
"15888","2","1","512.0","2012-04-19 16:46:32.713"
"15889","3","1","884.0","2012-04-19 16:46:32.713"
"15890","1","1","5.22","2012-04-19 16:46:42.805"
"15891","2","1","513.0","2012-04-19 16:46:42.805"
"15892","3","1","887.0","2012-04-19 16:46:42.805"
"15893","1","1","5.14","2012-04-19 16:46:52.829"
"15894","2","1","512.0","2012-04-19 16:46:52.829"
"15895","3","1","885.0","2012-04-19 16:46:52.829"
"15896","1","1","5.14","2012-04-19 16:47:02.91"
"15897","2","1","512.0","2012-04-19 16:47:02.91"
"15898","3","1","884.0","2012-04-19 16:47:02.91"
"15899","1","1","5.14","2012-04-19 16:47:12.944"
"15900","2","1","512.0","2012-04-19 16:47:12.95"
"15901","3","1","885.0","2012-04-19 16:47:12.95"
"15902","1","1","5.22","2012-04-19 16:47:23.013"
"15903","2","1","512.0","2012-04-19 16:47:23.013"
"15904","3","1","884.0","2012-04-19 16:47:23.014"
"15905","1","1","5.22","2012-04-19 16:47:33.063"
"15906","2","1","512.0","2012-04-19 16:47:33.064"
"15907","3","1","881.0","2012-04-19 16:47:33.064"
"15908","1","1","5.22","2012-04-19 16:47:43.149"
"15909","2","1","512.0","2012-04-19 16:47:43.149"
"15910","3","1","881.0","2012-04-19 16:47:43.149"
"15911","1","1","5.22","2012-04-19 16:47:53.261"
"15912","2","1","512.0","2012-04-19 16:47:53.261"
"15913","3","1","881.0","2012-04-19 16:47:53.261"
"15914","1","1","5.22","2012-04-19 16:48:03.237"
"15915","2","1","512.0","2012-04-19 16:48:03.237"
"15916","3","1","880.0","2012-04-19 16:48:03.237"
"15917","1","1","5.3","2012-04-19 16:48:13.334"
"15918","2","1","513.0","2012-04-19 16:48:13.334"
"15919","3","1","880.0","2012-04-19 16:48:13.335"
"15920","1","1","5.22","2012-04-19 16:48:23.353"
"15921","2","1","512.0","2012-04-19 16:48:23.353"
"15922","3","1","878.0","2012-04-19 16:48:23.353"
"15923","1","1","5.3","2012-04-19 16:48:33.439"
"15924","2","1","512.0","2012-04-19 16:48:33.439"
"15925","3","1","877.0","2012-04-19 16:48:33.439"
"15926","1","1","5.3","2012-04-19 16:48:43.471"
"15927","2","1","513.0","2012-04-19 16:48:43.479"
"15928","3","1","878.0","2012-04-19 16:48:43.479"
"15929","1","1","5.38","2012-04-19 16:48:53.543"
"15930","2","1","513.0","2012-04-19 16:48:53.543"
"15931","3","1","880.0","2012-04-19 16:48:53.543"
"15932","1","1","5.3","2012-04-19 16:49:03.587"
"15933","2","1","512.0","2012-04-19 16:49:03.587"
"15934","3","1","876.0","2012-04-19 16:49:03.588"
"15935","1","1","5.3","2012-04-19 16:49:13.647"
"15936","2","1","512.0","2012-04-19 16:49:13.647"
"15937","3","1","877.0","2012-04-19 16:49:13.647"
"15938","1","1","5.3","2012-04-19 16:49:23.729"
"15939","2","1","512.0","2012-04-19 16:49:23.729"
"15940","3","1","875.0","2012-04-19 16:49:23.729"
"15941","1","1","5.38","2012-04-19 16:49:33.763"
"15942","2","1","513.0","2012-04-19 16:49:33.763"
"15943","3","1","876.0","2012-04-19 16:49:33.763"
"15944","1","1","5.38","2012-04-19 16:49:43.822"
"15945","2","1","513.0","2012-04-19 16:49:43.822"
"15946","3","1","875.0","2012-04-19 16:49:43.822"
"15947","1","1","5.38","2012-04-19 16:49:53.892"
"15948","2","1","513.0","2012-04-19 16:49:53.893"
"15949","3","1","876.0","2012-04-19 16:49:53.893"
"15950","1","1","5.3","2012-04-19 16:50:03.938"
"15951","2","1","512.0","2012-04-19 16:50:03.938"
"15952","3","1","873.0","2012-04-19 16:50:03.938"
"15953","1","1","5.3","2012-04-19 16:50:14.049"
"15954","2","1","512.0","2012-04-19 16:50:14.058"
"15955","3","1","873.0","2012-04-19 16:50:14.058"
"15956","1","1","5.3","2012-04-19 16:50:24.08"
"15957","2","1","512.0","2012-04-19 16:50:24.08"
"15958","3","1","872.0","2012-04-19 16:50:24.08"
"15959","1","1","5.3","2012-04-19 16:50:34.196"
"15960","2","1","513.0","2012-04-19 16:50:34.196"
"15961","3","1","874.0","2012-04-19 16:50:34.196"
"15962","1","1","5.38","2012-04-19 16:50:44.22"
"15963","2","1","513.0","2012-04-19 16:50:44.22"
"15964","3","1","874.0","2012-04-19 16:50:44.22"
"15965","1","1","5.3","2012-04-19 16:50:54.274"
"15966","2","1","512.0","2012-04-19 16:50:54.274"
"15967","3","1","870.0","2012-04-19 16:50:54.274"
"15968","1","1","5.3","2012-04-19 16:51:04.357"
"15969","2","1","513.0","2012-04-19 16:51:04.357"
"15970","3","1","870.0","2012-04-19 16:51:04.357"
"15971","1","1","5.3","2012-04-19 16:51:14.355"
"15972","2","1","513.0","2012-04-19 16:51:14.355"
"15973","3","1","869.0","2012-04-19 16:51:14.355"
"15974","1","1","5.3","2012-04-19 16:51:24.413"
"15975","2","1","512.0","2012-04-19 16:51:24.413"
"15976","3","1","870.0","2012-04-19 16:51:24.413"
"15977","1","1","5.3","2012-04-19 16:51:34.505"
"15978","2","1","512.0","2012-04-19 16:51:34.505"
"15979","3","1","868.0","2012-04-19 16:51:34.505"
"15980","1","1","5.3","2012-04-19 16:51:44.556"
"15981","2","1","513.0","2012-04-19 16:51:44.565"
"15982","3","1","868.0","2012-04-19 16:51:44.565"
"15983","1","1","5.3","2012-04-19 16:51:54.608"
"15984","2","1","513.0","2012-04-19 16:51:54.608"
"15985","3","1","869.0","2012-04-19 16:51:54.608"
"15986","1","1","5.3","2012-04-19 16:52:04.66"
"15987","2","1","513.0","2012-04-19 16:52:04.66"
"15988","3","1","869.0","2012-04-19 16:52:04.66"
"15989","1","1","5.3","2012-04-19 16:52:14.695"
"15990","2","1","513.0","2012-04-19 16:52:14.695"
"15991","3","1","865.0","2012-04-19 16:52:14.695"
"15992","1","1","5.22","2012-04-19 16:52:24.793"
"15993","2","1","512.0","2012-04-19 16:52:24.793"
"15994","3","1","866.0","2012-04-19 16:52:24.793"
"15995","1","1","5.22","2012-04-19 16:52:34.876"
"15996","2","1","512.0","2012-04-19 16:52:34.876"
"15997","3","1","866.0","2012-04-19 16:52:34.876"
"15998","1","1","5.22","2012-04-19 16:52:44.869"
"15999","2","1","512.0","2012-04-19 16:52:44.87"
"16000","3","1","864.0","2012-04-19 16:52:44.87"
"16001","1","1","5.22","2012-04-19 16:52:54.928"
"16002","2","1","512.0","2012-04-19 16:52:54.928"
"16003","3","1","863.0","2012-04-19 16:52:54.929"
"16004","1","1","5.3","2012-04-19 16:53:04.986"
"16005","2","1","513.0","2012-04-19 16:53:04.987"
"16006","3","1","864.0","2012-04-19 16:53:04.987"
"16007","1","1","5.14","2012-04-19 16:53:15.055"
"16008","2","1","512.0","2012-04-19 16:53:15.064"
"16009","3","1","862.0","2012-04-19 16:53:15.064"
"16010","1","1","5.22","2012-04-19 16:53:25.102"
"16011","2","1","513.0","2012-04-19 16:53:25.102"
"16012","3","1","862.0","2012-04-19 16:53:25.102"
"16013","1","1","5.14","2012-04-19 16:53:35.161"
"16014","2","1","512.0","2012-04-19 16:53:35.161"
"16015","3","1","860.0","2012-04-19 16:53:35.161"
"16016","1","1","5.14","2012-04-19 16:53:45.219"
"16017","2","1","512.0","2012-04-19 16:53:45.22"
"16018","3","1","859.0","2012-04-19 16:53:45.22"
"16019","1","1","5.22","2012-04-19 16:53:55.277"
"16020","2","1","513.0","2012-04-19 16:53:55.277"
"16021","3","1","859.0","2012-04-19 16:53:55.277"
"16022","1","1","5.14","2012-04-19 16:54:05.406"
"16023","2","1","512.0","2012-04-19 16:54:05.406"
"16024","3","1","857.0","2012-04-19 16:54:05.407"
"16025","1","1","5.14","2012-04-19 16:54:15.394"
"16026","2","1","512.0","2012-04-19 16:54:15.394"
"16027","3","1","858.0","2012-04-19 16:54:15.394"
"16028","1","1","5.14","2012-04-19 16:54:25.451"
"16029","2","1","512.0","2012-04-19 16:54:25.451"
"16030","3","1","858.0","2012-04-19 16:54:25.451"
"16031","1","1","5.14","2012-04-19 16:54:35.512"
"16032","2","1","513.0","2012-04-19 16:54:35.512"
"16033","3","1","855.0","2012-04-19 16:54:35.512"
"16034","1","1","5.14","2012-04-19 16:54:45.569"
"16035","2","1","513.0","2012-04-19 16:54:45.643"
"16036","3","1","856.0","2012-04-19 16:54:45.643"
"16037","1","1","5.07","2012-04-19 16:54:55.627"
"16038","2","1","512.0","2012-04-19 16:54:55.627"
"16039","3","1","853.0","2012-04-19 16:54:55.627"
"16040","1","1","5.07","2012-04-19 16:55:05.684"
"16041","2","1","512.0","2012-04-19 16:55:05.684"
"16042","3","1","853.0","2012-04-19 16:55:05.684"
"16043","1","1","5.14","2012-04-19 16:55:15.743"
"16044","2","1","513.0","2012-04-19 16:55:15.744"
"16045","3","1","853.0","2012-04-19 16:55:15.744"
"16046","1","1","5.14","2012-04-19 16:55:25.884"
"16047","2","1","512.0","2012-04-19 16:55:25.884"
"16048","3","1","853.0","2012-04-19 16:55:25.885"
"16049","1","1","5.07","2012-04-19 16:55:35.871"
"16050","2","1","512.0","2012-04-19 16:55:35.871"
"16051","3","1","852.0","2012-04-19 16:55:35.871"
"16052","1","1","5.14","2012-04-19 16:55:45.94"
"16053","2","1","513.0","2012-04-19 16:55:45.94"
"16054","3","1","849.0","2012-04-19 16:55:45.94"
"16055","1","1","5.07","2012-04-19 16:55:56.052"
"16056","2","1","512.0","2012-04-19 16:55:56.052"
"16057","3","1","849.0","2012-04-19 16:55:56.052"
"16058","1","1","5.14","2012-04-19 16:56:06.045"
"16059","2","1","513.0","2012-04-19 16:56:06.045"
"16060","3","1","847.0","2012-04-19 16:56:06.045"
"16061","1","1","5.22","2012-04-19 16:56:16.156"
"16062","2","1","513.0","2012-04-19 16:56:16.164"
"16063","3","1","849.0","2012-04-19 16:56:16.164"
"16064","1","1","5.22","2012-04-19 16:56:26.207"
"16065","2","1","513.0","2012-04-19 16:56:26.207"
"16066","3","1","846.0","2012-04-19 16:56:26.208"
"16067","1","1","5.14","2012-04-19 16:56:36.221"
"16068","2","1","512.0","2012-04-19 16:56:36.221"
"16069","3","1","845.0","2012-04-19 16:56:36.221"
"16070","1","1","5.14","2012-04-19 16:56:46.332"
"16071","2","1","512.0","2012-04-19 16:56:46.332"
"16072","3","1","843.0","2012-04-19 16:56:46.333"
"16073","1","1","5.14","2012-04-19 16:56:56.354"
"16074","2","1","512.0","2012-04-19 16:56:56.354"
"16075","3","1","845.0","2012-04-19 16:56:56.354"
"16076","1","1","5.22","2012-04-19 16:57:06.406"
"16077","2","1","513.0","2012-04-19 16:57:06.406"
"16078","3","1","845.0","2012-04-19 16:57:06.406"
"16079","1","1","5.14","2012-04-19 16:57:16.548"
"16080","2","1","512.0","2012-04-19 16:57:16.548"
"16081","3","1","842.0","2012-04-19 16:57:16.548"
"16082","1","1","5.14","2012-04-19 16:57:26.501"
"16083","2","1","512.0","2012-04-19 16:57:26.501"
"16084","3","1","840.0","2012-04-19 16:57:26.501"
"16085","1","1","5.22","2012-04-19 16:57:36.594"
"16086","2","1","512.0","2012-04-19 16:57:36.594"
"16087","3","1","842.0","2012-04-19 16:57:36.594"
"16088","1","1","5.22","2012-04-19 16:57:46.62"
"16089","2","1","513.0","2012-04-19 16:57:46.633"
"16090","3","1","841.0","2012-04-19 16:57:46.633"
"16091","1","1","5.22","2012-04-19 16:57:56.727"
"16092","2","1","513.0","2012-04-19 16:57:56.727"
"16093","3","1","840.0","2012-04-19 16:57:56.727"
"16094","1","1","5.3","2012-04-19 16:58:06.779"
"16095","2","1","513.0","2012-04-19 16:58:06.779"
"16096","3","1","839.0","2012-04-19 16:58:06.779"
"16097","1","1","5.3","2012-04-19 16:58:16.808"
"16098","2","1","513.0","2012-04-19 16:58:16.808"
"16099","3","1","838.0","2012-04-19 16:58:16.808"
"16100","1","1","5.3","2012-04-19 16:58:26.911"
"16101","2","1","513.0","2012-04-19 16:58:26.911"
"16102","3","1","836.0","2012-04-19 16:58:26.911"
"16103","1","1","5.14","2012-04-19 16:58:36.911"
"16104","2","1","512.0","2012-04-19 16:58:36.911"
"16105","3","1","834.0","2012-04-19 16:58:36.912"
"16106","1","1","5.14","2012-04-19 16:58:46.969"
"16107","2","1","513.0","2012-04-19 16:58:46.969"
"16108","3","1","835.0","2012-04-19 16:58:46.969"
"16109","1","1","5.14","2012-04-19 16:58:57.069"
"16110","2","1","512.0","2012-04-19 16:58:57.069"
"16111","3","1","832.0","2012-04-19 16:58:57.07"
"16112","1","1","5.14","2012-04-19 16:59:07.121"
"16113","2","1","512.0","2012-04-19 16:59:07.122"
"16114","3","1","833.0","2012-04-19 16:59:07.122"
"16115","1","1","5.14","2012-04-19 16:59:17.146"
"16116","2","1","513.0","2012-04-19 16:59:17.152"
"16117","3","1","830.0","2012-04-19 16:59:17.152"
"16118","1","1","5.14","2012-04-19 16:59:27.201"
"16119","2","1","513.0","2012-04-19 16:59:27.201"
"16120","3","1","829.0","2012-04-19 16:59:27.202"
"16121","1","1","5.14","2012-04-19 16:59:37.261"
"16122","2","1","512.0","2012-04-19 16:59:37.261"
"16123","3","1","828.0","2012-04-19 16:59:37.261"
"16124","1","1","5.14","2012-04-19 16:59:47.327"
"16125","2","1","512.0","2012-04-19 16:59:47.327"
"16126","3","1","828.0","2012-04-19 16:59:47.327"
"16127","1","1","5.14","2012-04-19 16:59:57.393"
"16128","2","1","512.0","2012-04-19 16:59:57.393"
"16129","3","1","827.0","2012-04-19 16:59:57.393"
"16130","1","1","5.14","2012-04-19 17:00:07.495"
"16131","2","1","513.0","2012-04-19 17:00:07.495"
"16132","3","1","827.0","2012-04-19 17:00:07.495"
"16133","1","1","5.14","2012-04-19 17:00:17.548"
"16134","2","1","513.0","2012-04-19 17:00:17.548"
"16135","3","1","826.0","2012-04-19 17:00:17.548"
"16136","1","1","5.22","2012-04-19 17:00:27.56"
"16137","2","1","513.0","2012-04-19 17:00:27.56"
"16138","3","1","825.0","2012-04-19 17:00:27.56"
"16139","1","1","5.14","2012-04-19 17:00:37.61"
"16140","2","1","512.0","2012-04-19 17:00:37.61"
"16141","3","1","822.0","2012-04-19 17:00:37.61"
"16142","1","1","5.14","2012-04-19 17:00:47.669"
"16143","2","1","512.0","2012-04-19 17:00:47.675"
"16144","3","1","820.0","2012-04-19 17:00:47.675"
"16145","1","1","5.22","2012-04-19 17:00:57.727"
"16146","2","1","513.0","2012-04-19 17:00:57.727"
"16147","3","1","820.0","2012-04-19 17:00:57.727"
"16148","1","1","5.22","2012-04-19 17:01:07.785"
"16149","2","1","512.0","2012-04-19 17:01:07.785"
"16150","3","1","820.0","2012-04-19 17:01:07.785"
"16151","1","1","5.22","2012-04-19 17:01:17.843"
"16152","2","1","512.0","2012-04-19 17:01:17.843"
"16153","3","1","819.0","2012-04-19 17:01:17.843"
"16154","1","1","5.14","2012-04-19 17:01:27.915"
"16155","2","1","512.0","2012-04-19 17:01:27.915"
"16156","3","1","817.0","2012-04-19 17:01:27.916"
"16157","1","1","5.22","2012-04-19 17:01:38.009"
"16158","2","1","513.0","2012-04-19 17:01:38.009"
"16159","3","1","815.0","2012-04-19 17:01:38.009"
"16160","1","1","5.22","2012-04-19 17:01:48.031"
"16161","2","1","513.0","2012-04-19 17:01:48.031"
"16162","3","1","816.0","2012-04-19 17:01:48.031"
"16163","1","1","5.3","2012-04-19 17:01:58.087"
"16164","2","1","513.0","2012-04-19 17:01:58.087"
"16165","3","1","815.0","2012-04-19 17:01:58.087"
"16166","1","1","5.3","2012-04-19 17:02:08.165"
"16167","2","1","513.0","2012-04-19 17:02:08.165"
"16168","3","1","812.0","2012-04-19 17:02:08.165"
"16169","1","1","5.22","2012-04-19 17:02:18.217"
"16170","2","1","512.0","2012-04-19 17:02:18.225"
"16171","3","1","812.0","2012-04-19 17:02:18.225"
"16172","1","1","5.3","2012-04-19 17:02:28.26"
"16173","2","1","513.0","2012-04-19 17:02:28.261"
"16174","3","1","811.0","2012-04-19 17:02:28.261"
"16175","1","1","5.3","2012-04-19 17:02:38.323"
"16176","2","1","513.0","2012-04-19 17:02:38.323"
"16177","3","1","810.0","2012-04-19 17:02:38.323"
"16178","1","1","5.3","2012-04-19 17:02:48.404"
"16179","2","1","513.0","2012-04-19 17:02:48.404"
"16180","3","1","808.0","2012-04-19 17:02:48.404"
"16181","1","1","5.14","2012-04-19 17:02:58.516"
"16182","2","1","512.0","2012-04-19 17:02:58.516"
"16183","3","1","806.0","2012-04-19 17:02:58.516"
"16184","1","1","5.22","2012-04-19 17:03:08.538"
"16185","2","1","513.0","2012-04-19 17:03:08.538"
"16186","3","1","805.0","2012-04-19 17:03:08.538"
"16187","1","1","5.22","2012-04-19 17:03:18.619"
"16188","2","1","512.0","2012-04-19 17:03:18.62"
"16189","3","1","804.0","2012-04-19 17:03:18.62"
"16190","1","1","5.22","2012-04-19 17:03:28.67"
"16191","2","1","512.0","2012-04-19 17:03:28.67"
"16192","3","1","805.0","2012-04-19 17:03:28.67"
"16193","1","1","5.22","2012-04-19 17:03:38.671"
"16194","2","1","513.0","2012-04-19 17:03:38.671"
"16195","3","1","803.0","2012-04-19 17:03:38.671"
"16196","1","1","5.22","2012-04-19 17:03:48.728"
"16197","2","1","512.0","2012-04-19 17:03:48.735"
"16198","3","1","800.0","2012-04-19 17:03:48.735"
"16199","1","1","5.3","2012-04-19 17:03:58.828"
"16200","2","1","513.0","2012-04-19 17:03:58.829"
"16201","3","1","801.0","2012-04-19 17:03:58.829"
"16202","1","1","5.22","2012-04-19 17:04:08.88"
"16203","2","1","512.0","2012-04-19 17:04:08.88"
"16204","3","1","798.0","2012-04-19 17:04:08.881"
"16205","1","1","5.22","2012-04-19 17:04:18.902"
"16206","2","1","512.0","2012-04-19 17:04:18.902"
"16207","3","1","797.0","2012-04-19 17:04:18.902"
"16208","1","1","5.22","2012-04-19 17:04:28.96"
"16209","2","1","512.0","2012-04-19 17:04:28.96"
"16210","3","1","795.0","2012-04-19 17:04:28.96"
"16211","1","1","5.22","2012-04-19 17:04:39.01"
"16212","2","1","512.0","2012-04-19 17:04:39.01"
"16213","3","1","794.0","2012-04-19 17:04:39.01"
"16214","1","1","5.22","2012-04-19 17:04:49.068"
"16215","2","1","513.0","2012-04-19 17:04:49.068"
"16216","3","1","794.0","2012-04-19 17:04:49.068"
"16217","1","1","5.3","2012-04-19 17:04:59.135"
"16218","2","1","513.0","2012-04-19 17:04:59.135"
"16219","3","1","794.0","2012-04-19 17:04:59.135"
"16220","1","1","5.3","2012-04-19 17:05:09.184"
"16221","2","1","513.0","2012-04-19 17:05:09.184"
"16222","3","1","793.0","2012-04-19 17:05:09.184"
"16223","1","1","5.3","2012-04-19 17:05:19.242"
"16224","2","1","513.0","2012-04-19 17:05:19.257"
"16225","3","1","789.0","2012-04-19 17:05:19.257"
"16226","1","1","5.3","2012-04-19 17:05:29.3"
"16227","2","1","513.0","2012-04-19 17:05:29.301"
"16228","3","1","789.0","2012-04-19 17:05:29.301"
"16229","1","1","5.22","2012-04-19 17:05:39.361"
"16230","2","1","512.0","2012-04-19 17:05:39.361"
"16231","3","1","786.0","2012-04-19 17:05:39.362"
"16232","1","1","5.3","2012-04-19 17:05:49.456"
"16233","2","1","512.0","2012-04-19 17:05:49.456"
"16234","3","1","785.0","2012-04-19 17:05:49.456"
"16235","1","1","5.3","2012-04-19 17:05:59.508"
"16236","2","1","513.0","2012-04-19 17:05:59.508"
"16237","3","1","786.0","2012-04-19 17:05:59.508"
"16238","1","1","5.3","2012-04-19 17:06:09.559"
"16239","2","1","512.0","2012-04-19 17:06:09.56"
"16240","3","1","783.0","2012-04-19 17:06:09.56"
"16241","1","1","5.3","2012-04-19 17:06:19.592"
"16242","2","1","513.0","2012-04-19 17:06:19.592"
"16243","3","1","782.0","2012-04-19 17:06:19.592"
"16244","1","1","5.3","2012-04-19 17:06:29.692"
"16245","2","1","513.0","2012-04-19 17:06:29.693"
"16246","3","1","780.0","2012-04-19 17:06:29.693"
"16247","1","1","5.3","2012-04-19 17:06:39.718"
"16248","2","1","512.0","2012-04-19 17:06:39.718"
"16249","3","1","778.0","2012-04-19 17:06:39.718"
"16250","1","1","5.22","2012-04-19 17:06:49.831"
"16251","2","1","512.0","2012-04-19 17:06:49.84"
"16252","3","1","777.0","2012-04-19 17:06:49.84"
"16253","1","1","5.3","2012-04-19 17:06:59.826"
"16254","2","1","513.0","2012-04-19 17:06:59.826"
"16255","3","1","778.0","2012-04-19 17:06:59.826"
"16256","1","1","5.3","2012-04-19 17:07:09.907"
"16257","2","1","513.0","2012-04-19 17:07:09.907"
"16258","3","1","776.0","2012-04-19 17:07:09.907"
"16259","1","1","5.3","2012-04-19 17:07:19.959"
"16260","2","1","512.0","2012-04-19 17:07:19.959"
"16261","3","1","773.0","2012-04-19 17:07:19.959"
"16262","1","1","5.3","2012-04-19 17:07:30.041"
"16263","2","1","512.0","2012-04-19 17:07:30.041"
"16264","3","1","771.0","2012-04-19 17:07:30.041"
"16265","1","1","5.3","2012-04-19 17:07:40.072"
"16266","2","1","513.0","2012-04-19 17:07:40.072"
"16267","3","1","772.0","2012-04-19 17:07:40.072"
"16268","1","1","5.3","2012-04-19 17:07:50.186"
"16269","2","1","512.0","2012-04-19 17:07:50.187"
"16270","3","1","769.0","2012-04-19 17:07:50.187"
"16271","1","1","5.3","2012-04-19 17:08:00.208"
"16272","2","1","512.0","2012-04-19 17:08:00.208"
"16273","3","1","768.0","2012-04-19 17:08:00.208"
"16274","1","1","5.3","2012-04-19 17:08:10.29"
"16275","2","1","512.0","2012-04-19 17:08:10.29"
"16276","3","1","766.0","2012-04-19 17:08:10.29"
"16277","1","1","5.22","2012-04-19 17:08:20.311"
"16278","2","1","512.0","2012-04-19 17:08:20.32"
"16279","3","1","765.0","2012-04-19 17:08:20.32"
"16280","1","1","5.3","2012-04-19 17:08:30.423"
"16281","2","1","513.0","2012-04-19 17:08:30.423"
"16282","3","1","765.0","2012-04-19 17:08:30.423"
"16283","1","1","5.3","2012-04-19 17:08:40.507"
"16284","2","1","512.0","2012-04-19 17:08:40.507"
"16285","3","1","761.0","2012-04-19 17:08:40.507"
"16286","1","1","5.3","2012-04-19 17:08:50.479"
"16287","2","1","512.0","2012-04-19 17:08:50.479"
"16288","3","1","761.0","2012-04-19 17:08:50.479"
"16289","1","1","5.3","2012-04-19 17:09:00.581"
"16290","2","1","512.0","2012-04-19 17:09:00.581"
"16291","3","1","758.0","2012-04-19 17:09:00.581"
"16292","1","1","5.38","2012-04-19 17:09:10.663"
"16293","2","1","513.0","2012-04-19 17:09:10.663"
"16294","3","1","759.0","2012-04-19 17:09:10.664"
"16295","1","1","5.3","2012-04-19 17:09:20.655"
"16296","2","1","512.0","2012-04-19 17:09:20.655"
"16297","3","1","756.0","2012-04-19 17:09:20.655"
"16298","1","1","5.3","2012-04-19 17:09:30.797"
"16299","2","1","512.0","2012-04-19 17:09:30.797"
"16300","3","1","756.0","2012-04-19 17:09:30.797"
"16301","1","1","5.22","2012-04-19 17:09:40.781"
"16302","2","1","512.0","2012-04-19 17:09:40.781"
"16303","3","1","754.0","2012-04-19 17:09:40.781"
"16304","1","1","5.22","2012-04-19 17:09:50.819"
"16305","2","1","512.0","2012-04-19 17:09:50.921"
"16306","3","1","751.0","2012-04-19 17:09:50.922"
"16307","1","1","5.22","2012-04-19 17:10:00.876"
"16308","2","1","513.0","2012-04-19 17:10:00.876"
"16309","3","1","751.0","2012-04-19 17:10:00.876"
"16310","1","1","5.22","2012-04-19 17:10:10.934"
"16311","2","1","513.0","2012-04-19 17:10:10.934"
"16312","3","1","749.0","2012-04-19 17:10:10.934"
"16313","1","1","5.22","2012-04-19 17:10:20.994"
"16314","2","1","512.0","2012-04-19 17:10:20.994"
"16315","3","1","747.0","2012-04-19 17:10:20.994"
"16316","1","1","5.22","2012-04-19 17:10:31.13"
"16317","2","1","512.0","2012-04-19 17:10:31.13"
"16318","3","1","746.0","2012-04-19 17:10:31.13"
"16319","1","1","5.14","2012-04-19 17:10:41.124"
"16320","2","1","512.0","2012-04-19 17:10:41.124"
"16321","3","1","744.0","2012-04-19 17:10:41.124"
"16322","1","1","5.22","2012-04-19 17:10:51.167"
"16323","2","1","512.0","2012-04-19 17:10:51.168"
"16324","3","1","743.0","2012-04-19 17:10:51.168"
"16325","1","1","5.22","2012-04-19 17:11:01.286"
"16326","2","1","512.0","2012-04-19 17:11:01.286"
"16327","3","1","741.0","2012-04-19 17:11:01.287"
"16328","1","1","5.22","2012-04-19 17:11:11.31"
"16329","2","1","513.0","2012-04-19 17:11:11.31"
"16330","3","1","741.0","2012-04-19 17:11:11.31"
"16331","1","1","5.14","2012-04-19 17:11:21.342"
"16332","2","1","512.0","2012-04-19 17:11:21.35"
"16333","3","1","737.0","2012-04-19 17:11:21.35"
"16334","1","1","5.14","2012-04-19 17:11:31.4"
"16335","2","1","513.0","2012-04-19 17:11:31.4"
"16336","3","1","736.0","2012-04-19 17:11:31.4"
"16337","1","1","5.14","2012-04-19 17:11:41.497"
"16338","2","1","513.0","2012-04-19 17:11:41.497"
"16339","3","1","735.0","2012-04-19 17:11:41.497"
"16340","1","1","5.14","2012-04-19 17:11:51.519"
"16341","2","1","512.0","2012-04-19 17:11:51.519"
"16342","3","1","733.0","2012-04-19 17:11:51.519"
"16343","1","1","5.14","2012-04-19 17:12:01.576"
"16344","2","1","512.0","2012-04-19 17:12:01.576"
"16345","3","1","732.0","2012-04-19 17:12:01.576"
"16346","1","1","5.14","2012-04-19 17:12:11.682"
"16347","2","1","512.0","2012-04-19 17:12:11.683"
"16348","3","1","730.0","2012-04-19 17:12:11.683"
"16349","1","1","5.14","2012-04-19 17:12:21.734"
"16350","2","1","512.0","2012-04-19 17:12:21.734"
"16351","3","1","729.0","2012-04-19 17:12:21.734"
"16352","1","1","5.07","2012-04-19 17:12:31.786"
"16353","2","1","512.0","2012-04-19 17:12:31.786"
"16354","3","1","726.0","2012-04-19 17:12:31.786"
"16355","1","1","5.07","2012-04-19 17:12:41.87"
"16356","2","1","512.0","2012-04-19 17:12:41.87"
"16357","3","1","724.0","2012-04-19 17:12:41.87"
"16358","1","1","5.07","2012-04-19 17:12:51.891"
"16359","2","1","512.0","2012-04-19 17:12:51.9"
"16360","3","1","723.0","2012-04-19 17:12:51.9"
"16361","1","1","5.07","2012-04-19 17:13:01.93"
"16362","2","1","513.0","2012-04-19 17:13:01.93"
"16363","3","1","723.0","2012-04-19 17:13:01.93"
"16364","1","1","5.07","2012-04-19 17:13:11.983"
"16365","2","1","512.0","2012-04-19 17:13:11.983"
"16366","3","1","719.0","2012-04-19 17:13:12.054"
"16367","1","1","5.07","2012-04-19 17:13:22.042"
"16368","2","1","513.0","2012-04-19 17:13:22.043"
"16369","3","1","719.0","2012-04-19 17:13:22.043"
"16370","1","1","5.07","2012-04-19 17:13:32.162"
"16371","2","1","513.0","2012-04-19 17:13:32.162"
"16372","3","1","716.0","2012-04-19 17:13:32.162"
"16373","1","1","5.07","2012-04-19 17:13:42.183"
"16374","2","1","512.0","2012-04-19 17:13:42.184"
"16375","3","1","714.0","2012-04-19 17:13:42.184"
"16376","1","1","5.07","2012-04-19 17:13:52.219"
"16377","2","1","513.0","2012-04-19 17:13:52.219"
"16378","3","1","712.0","2012-04-19 17:13:52.219"
"16379","1","1","5.07","2012-04-19 17:14:02.276"
"16380","2","1","513.0","2012-04-19 17:14:02.276"
"16381","3","1","711.0","2012-04-19 17:14:02.276"
"16382","1","1","5.07","2012-04-19 17:14:12.368"
"16383","2","1","512.0","2012-04-19 17:14:12.368"
"16384","3","1","709.0","2012-04-19 17:14:12.368"
"16385","1","1","4.99","2012-04-19 17:14:22.421"
"16386","2","1","512.0","2012-04-19 17:14:22.429"
"16387","3","1","707.0","2012-04-19 17:14:22.429"
"16388","1","1","4.99","2012-04-19 17:14:32.452"
"16389","2","1","512.0","2012-04-19 17:14:32.453"
"16390","3","1","705.0","2012-04-19 17:14:32.453"
"16391","1","1","4.99","2012-04-19 17:14:42.512"
"16392","2","1","512.0","2012-04-19 17:14:42.512"
"16393","3","1","704.0","2012-04-19 17:14:42.512"
"16394","1","1","5.07","2012-04-19 17:14:52.581"
"16395","2","1","512.0","2012-04-19 17:14:52.581"
"16396","3","1","702.0","2012-04-19 17:14:52.581"
"16397","1","1","5.07","2012-04-19 17:15:02.663"
"16398","2","1","512.0","2012-04-19 17:15:02.663"
"16399","3","1","701.0","2012-04-19 17:15:02.663"
"16400","1","1","5.07","2012-04-19 17:15:12.685"
"16401","2","1","513.0","2012-04-19 17:15:12.686"
"16402","3","1","700.0","2012-04-19 17:15:12.686"
"16403","1","1","5.07","2012-04-19 17:15:22.759"
"16404","2","1","513.0","2012-04-19 17:15:22.76"
"16405","3","1","698.0","2012-04-19 17:15:22.76"
"16406","1","1","5.07","2012-04-19 17:15:32.892"
"16407","2","1","513.0","2012-04-19 17:15:32.892"
"16408","3","1","696.0","2012-04-19 17:15:32.892"
"16409","1","1","5.14","2012-04-19 17:15:42.884"
"16410","2","1","513.0","2012-04-19 17:15:42.884"
"16411","3","1","695.0","2012-04-19 17:15:42.884"
"16412","1","1","5.14","2012-04-19 17:15:52.929"
"16413","2","1","513.0","2012-04-19 17:15:52.994"
"16414","3","1","692.0","2012-04-19 17:15:52.994"
"16415","1","1","5.07","2012-04-19 17:16:03.046"
"16416","2","1","513.0","2012-04-19 17:16:03.047"
"16417","3","1","690.0","2012-04-19 17:16:03.047"
"16418","1","1","5.14","2012-04-19 17:16:13.128"
"16419","2","1","513.0","2012-04-19 17:16:13.129"
"16420","3","1","689.0","2012-04-19 17:16:13.129"
"16421","1","1","5.07","2012-04-19 17:16:23.15"
"16422","2","1","512.0","2012-04-19 17:16:23.15"
"16423","3","1","687.0","2012-04-19 17:16:23.15"
"16424","1","1","5.14","2012-04-19 17:16:33.234"
"16425","2","1","512.0","2012-04-19 17:16:33.235"
"16426","3","1","685.0","2012-04-19 17:16:33.235"
"16427","1","1","5.14","2012-04-19 17:16:43.221"
"16428","2","1","513.0","2012-04-19 17:16:43.222"
"16429","3","1","684.0","2012-04-19 17:16:43.222"
"16430","1","1","5.22","2012-04-19 17:16:53.278"
"16431","2","1","513.0","2012-04-19 17:16:53.278"
"16432","3","1","682.0","2012-04-19 17:16:53.278"
"16433","1","1","5.14","2012-04-19 17:17:03.364"
"16434","2","1","512.0","2012-04-19 17:17:03.364"
"16435","3","1","679.0","2012-04-19 17:17:03.364"
"16436","1","1","5.14","2012-04-19 17:17:13.416"
"16437","2","1","513.0","2012-04-19 17:17:13.416"
"16438","3","1","678.0","2012-04-19 17:17:13.416"
"16439","1","1","5.22","2012-04-19 17:17:23.497"
"16440","2","1","513.0","2012-04-19 17:17:23.506"
"16441","3","1","677.0","2012-04-19 17:17:23.506"
"16442","1","1","5.22","2012-04-19 17:17:33.502"
"16443","2","1","513.0","2012-04-19 17:17:33.503"
"16444","3","1","675.0","2012-04-19 17:17:33.503"
"16445","1","1","5.22","2012-04-19 17:17:43.564"
"16446","2","1","513.0","2012-04-19 17:17:43.564"
"16447","3","1","672.0","2012-04-19 17:17:43.564"
"16448","1","1","5.14","2012-04-19 17:17:53.645"
"16449","2","1","513.0","2012-04-19 17:17:53.645"
"16450","3","1","671.0","2012-04-19 17:17:53.646"
"16451","1","1","5.14","2012-04-19 17:18:03.677"
"16452","2","1","512.0","2012-04-19 17:18:03.677"
"16453","3","1","669.0","2012-04-19 17:18:03.677"
"16454","1","1","5.14","2012-04-19 17:18:13.78"
"16455","2","1","512.0","2012-04-19 17:18:13.78"
"16456","3","1","666.0","2012-04-19 17:18:13.78"
"16457","1","1","5.14","2012-04-19 17:18:23.792"
"16458","2","1","513.0","2012-04-19 17:18:23.793"
"16459","3","1","666.0","2012-04-19 17:18:23.793"
"16460","1","1","5.14","2012-04-19 17:18:33.855"
"16461","2","1","512.0","2012-04-19 17:18:33.856"
"16462","3","1","663.0","2012-04-19 17:18:33.856"
"16463","1","1","5.07","2012-04-19 17:18:43.999"
"16464","2","1","513.0","2012-04-19 17:18:43.999"
"16465","3","1","661.0","2012-04-19 17:18:43.999"
"16466","1","1","5.07","2012-04-19 17:18:53.985"
"16467","2","1","512.0","2012-04-19 17:18:54.079"
"16468","3","1","659.0","2012-04-19 17:18:54.079"
"16469","1","1","5.07","2012-04-19 17:19:04.043"
"16470","2","1","512.0","2012-04-19 17:19:04.043"
"16471","3","1","656.0","2012-04-19 17:19:04.043"
"16472","1","1","5.07","2012-04-19 17:19:14.085"
"16473","2","1","512.0","2012-04-19 17:19:14.085"
"16474","3","1","654.0","2012-04-19 17:19:14.085"
"16475","1","1","5.07","2012-04-19 17:19:24.146"
"16476","2","1","512.0","2012-04-19 17:19:24.146"
"16477","3","1","652.0","2012-04-19 17:19:24.146"
"16478","1","1","5.07","2012-04-19 17:19:34.23"
"16479","2","1","512.0","2012-04-19 17:19:34.23"
"16480","3","1","650.0","2012-04-19 17:19:34.23"
"16481","1","1","5.07","2012-04-19 17:19:44.342"
"16482","2","1","513.0","2012-04-19 17:19:44.343"
"16483","3","1","648.0","2012-04-19 17:19:44.343"
"16484","1","1","5.14","2012-04-19 17:19:54.364"
"16485","2","1","513.0","2012-04-19 17:19:54.364"
"16486","3","1","645.0","2012-04-19 17:19:54.364"
"16487","1","1","5.14","2012-04-19 17:20:04.382"
"16488","2","1","513.0","2012-04-19 17:20:04.382"
"16489","3","1","643.0","2012-04-19 17:20:04.382"
"16490","1","1","5.14","2012-04-19 17:20:14.468"
"16491","2","1","512.0","2012-04-19 17:20:14.468"
"16492","3","1","640.0","2012-04-19 17:20:14.468"
"16493","1","1","5.14","2012-04-19 17:20:24.519"
"16494","2","1","512.0","2012-04-19 17:20:24.527"
"16495","3","1","638.0","2012-04-19 17:20:24.527"
"16496","1","1","5.14","2012-04-19 17:20:34.603"
"16497","2","1","512.0","2012-04-19 17:20:34.603"
"16498","3","1","635.0","2012-04-19 17:20:34.603"
"16499","1","1","5.14","2012-04-19 17:20:44.686"
"16500","2","1","513.0","2012-04-19 17:20:44.686"
"16501","3","1","633.0","2012-04-19 17:20:44.686"
"16502","1","1","5.14","2012-04-19 17:20:54.669"
"16503","2","1","512.0","2012-04-19 17:20:54.669"
"16504","3","1","630.0","2012-04-19 17:20:54.669"
"16505","1","1","5.07","2012-04-19 17:21:04.763"
"16506","2","1","512.0","2012-04-19 17:21:04.763"
"16507","3","1","628.0","2012-04-19 17:21:04.763"
"16508","1","1","5.07","2012-04-19 17:21:14.845"
"16509","2","1","512.0","2012-04-19 17:21:14.845"
"16510","3","1","625.0","2012-04-19 17:21:14.845"
"16511","1","1","5.07","2012-04-19 17:21:24.897"
"16512","2","1","512.0","2012-04-19 17:21:24.897"
"16513","3","1","623.0","2012-04-19 17:21:24.897"
"16514","1","1","5.14","2012-04-19 17:21:34.951"
"16515","2","1","512.0","2012-04-19 17:21:34.952"
"16516","3","1","620.0","2012-04-19 17:21:34.952"
"16517","1","1","5.14","2012-04-19 17:21:44.974"
"16518","2","1","512.0","2012-04-19 17:21:44.974"
"16519","3","1","617.0","2012-04-19 17:21:44.974"
"16520","1","1","5.07","2012-04-19 17:21:55.028"
"16521","2","1","512.0","2012-04-19 17:21:55.033"
"16522","3","1","614.0","2012-04-19 17:21:55.033"
"16523","1","1","5.14","2012-04-19 17:22:05.077"
"16524","2","1","512.0","2012-04-19 17:22:05.077"
"16525","3","1","611.0","2012-04-19 17:22:05.077"
"16526","1","1","5.14","2012-04-19 17:22:15.219"
"16527","2","1","512.0","2012-04-19 17:22:15.219"
"16528","3","1","609.0","2012-04-19 17:22:15.219"
"16529","1","1","5.07","2012-04-19 17:22:25.21"
"16530","2","1","512.0","2012-04-19 17:22:25.211"
"16531","3","1","606.0","2012-04-19 17:22:25.211"
"16532","1","1","5.07","2012-04-19 17:22:35.265"
"16533","2","1","512.0","2012-04-19 17:22:35.265"
"16534","3","1","603.0","2012-04-19 17:22:35.265"
"16535","1","1","5.07","2012-04-19 17:22:45.316"
"16536","2","1","512.0","2012-04-19 17:22:45.316"
"16537","3","1","601.0","2012-04-19 17:22:45.317"
"16538","1","1","5.07","2012-04-19 17:22:55.399"
"16539","2","1","512.0","2012-04-19 17:22:55.399"
"16540","3","1","598.0","2012-04-19 17:22:55.399"
"16541","1","1","5.07","2012-04-19 17:23:05.483"
"16542","2","1","512.0","2012-04-19 17:23:05.483"
"16543","3","1","595.0","2012-04-19 17:23:05.483"
"16544","1","1","5.07","2012-04-19 17:23:15.486"
"16545","2","1","512.0","2012-04-19 17:23:15.487"
"16546","3","1","592.0","2012-04-19 17:23:15.487"
"16547","1","1","5.07","2012-04-19 17:23:25.56"
"16548","2","1","512.0","2012-04-19 17:23:25.568"
"16549","3","1","589.0","2012-04-19 17:23:25.568"
"16550","1","1","5.07","2012-04-19 17:23:35.616"
"16551","2","1","512.0","2012-04-19 17:23:35.617"
"16552","3","1","587.0","2012-04-19 17:23:35.617"
"16553","1","1","5.07","2012-04-19 17:23:45.664"
"16554","2","1","512.0","2012-04-19 17:23:45.664"
"16555","3","1","584.0","2012-04-19 17:23:45.664"
"16556","1","1","5.07","2012-04-19 17:23:55.784"
"16557","2","1","512.0","2012-04-19 17:23:55.784"
"16558","3","1","580.0","2012-04-19 17:23:55.784"
"16559","1","1","5.07","2012-04-19 17:24:05.78"
"16560","2","1","512.0","2012-04-19 17:24:05.78"
"16561","3","1","577.0","2012-04-19 17:24:05.78"
"16562","1","1","5.07","2012-04-19 17:24:15.861"
"16563","2","1","512.0","2012-04-19 17:24:15.861"
"16564","3","1","574.0","2012-04-19 17:24:15.861"
"16565","1","1","5.07","2012-04-19 17:24:25.972"
"16566","2","1","512.0","2012-04-19 17:24:25.973"
"16567","3","1","571.0","2012-04-19 17:24:25.973"
"16568","1","1","5.07","2012-04-19 17:24:35.97"
"16569","2","1","512.0","2012-04-19 17:24:35.97"
"16570","3","1","568.0","2012-04-19 17:24:35.971"
"16571","1","1","5.14","2012-04-19 17:24:46.059"
"16572","2","1","512.0","2012-04-19 17:24:46.059"
"16573","3","1","566.0","2012-04-19 17:24:46.059"
"16574","1","1","5.14","2012-04-19 17:24:56.083"
"16575","2","1","512.0","2012-04-19 17:24:56.099"
"16576","3","1","562.0","2012-04-19 17:24:56.099"
"16577","1","1","5.07","2012-04-19 17:25:06.163"
"16578","2","1","512.0","2012-04-19 17:25:06.163"
"16579","3","1","559.0","2012-04-19 17:25:06.163"
"16580","1","1","5.07","2012-04-19 17:25:16.245"
"16581","2","1","512.0","2012-04-19 17:25:16.245"
"16582","3","1","556.0","2012-04-19 17:25:16.245"
"16583","1","1","5.07","2012-04-19 17:25:26.297"
"16584","2","1","512.0","2012-04-19 17:25:26.297"
"16585","3","1","553.0","2012-04-19 17:25:26.297"
"16586","1","1","5.07","2012-04-19 17:25:36.312"
"16587","2","1","512.0","2012-04-19 17:25:36.312"
"16588","3","1","550.0","2012-04-19 17:25:36.312"
"16589","1","1","5.07","2012-04-19 17:25:46.423"
"16590","2","1","512.0","2012-04-19 17:25:46.423"
"16591","3","1","547.0","2012-04-19 17:25:46.423"
"16592","1","1","5.07","2012-04-19 17:25:56.444"
"16593","2","1","512.0","2012-04-19 17:25:56.444"
"16594","3","1","543.0","2012-04-19 17:25:56.445"
"16595","1","1","5.07","2012-04-19 17:26:06.526"
"16596","2","1","512.0","2012-04-19 17:26:06.526"
"16597","3","1","540.0","2012-04-19 17:26:06.526"
"16598","1","1","5.07","2012-04-19 17:26:16.542"
"16599","2","1","512.0","2012-04-19 17:26:16.542"
"16600","3","1","537.0","2012-04-19 17:26:16.542"
"16601","1","1","4.99","2012-04-19 17:26:26.614"
"16602","2","1","512.0","2012-04-19 17:26:26.689"
"16603","3","1","533.0","2012-04-19 17:26:26.689"
"16604","1","1","4.99","2012-04-19 17:26:36.661"
"16605","2","1","512.0","2012-04-19 17:26:36.661"
"16606","3","1","530.0","2012-04-19 17:26:36.661"
"16607","1","1","4.99","2012-04-19 17:26:46.726"
"16608","2","1","512.0","2012-04-19 17:26:46.727"
"16609","3","1","526.0","2012-04-19 17:26:46.727"
"16610","1","1","4.99","2012-04-19 17:26:56.848"
"16611","2","1","512.0","2012-04-19 17:26:56.849"
"16612","3","1","524.0","2012-04-19 17:26:56.849"
"16613","1","1","4.91","2012-04-19 17:27:06.84"
"16614","2","1","512.0","2012-04-19 17:27:06.84"
"16615","3","1","520.0","2012-04-19 17:27:06.84"
"16616","1","1","4.91","2012-04-19 17:27:16.897"
"16617","2","1","512.0","2012-04-19 17:27:16.897"
"16618","3","1","517.0","2012-04-19 17:27:16.897"
"16619","1","1","4.84","2012-04-19 17:27:26.954"
"16620","2","1","512.0","2012-04-19 17:27:26.954"
"16621","3","1","513.0","2012-04-19 17:27:26.954"
"16622","1","1","4.84","2012-04-19 17:27:37.058"
"16623","2","1","512.0","2012-04-19 17:27:37.058"
"16624","3","1","510.0","2012-04-19 17:27:37.058"
"16625","1","1","4.84","2012-04-19 17:27:47.08"
"16626","2","1","512.0","2012-04-19 17:27:47.08"
"16627","3","1","506.0","2012-04-19 17:27:47.08"
"16628","1","1","4.84","2012-04-19 17:27:57.132"
"16629","2","1","512.0","2012-04-19 17:27:57.139"
"16630","3","1","502.0","2012-04-19 17:27:57.139"
"16631","1","1","4.84","2012-04-19 17:28:07.213"
"16632","2","1","512.0","2012-04-19 17:28:07.214"
"16633","3","1","499.0","2012-04-19 17:28:07.214"
"16634","1","1","4.84","2012-04-19 17:28:17.326"
"16635","2","1","512.0","2012-04-19 17:28:17.326"
"16636","3","1","496.0","2012-04-19 17:28:17.326"
"16637","1","1","4.84","2012-04-19 17:28:27.348"
"16638","2","1","512.0","2012-04-19 17:28:27.349"
"16639","3","1","492.0","2012-04-19 17:28:27.349"
"16640","1","1","4.84","2012-04-19 17:28:37.369"
"16641","2","1","511.0","2012-04-19 17:28:37.369"
"16642","3","1","489.0","2012-04-19 17:28:37.369"
"16643","1","1","4.84","2012-04-19 17:28:47.485"
"16644","2","1","512.0","2012-04-19 17:28:47.485"
"16645","3","1","486.0","2012-04-19 17:28:47.485"
"16646","1","1","4.84","2012-04-19 17:28:57.486"
"16647","2","1","512.0","2012-04-19 17:28:57.487"
"16648","3","1","483.0","2012-04-19 17:28:57.487"
"16649","1","1","4.84","2012-04-19 17:29:07.619"
"16650","2","1","512.0","2012-04-19 17:29:07.619"
"16651","3","1","479.0","2012-04-19 17:29:07.619"
"16652","1","1","4.84","2012-04-19 17:29:17.671"
"16653","2","1","512.0","2012-04-19 17:29:17.671"
"16654","3","1","476.0","2012-04-19 17:29:17.671"
"16655","1","1","4.84","2012-04-19 17:29:27.722"
"16656","2","1","511.0","2012-04-19 17:29:27.731"
"16657","3","1","473.0","2012-04-19 17:29:27.731"
"16658","1","1","4.84","2012-04-19 17:29:37.747"
"16659","2","1","511.0","2012-04-19 17:29:37.747"
"16660","3","1","470.0","2012-04-19 17:29:37.747"
"16661","1","1","4.76","2012-04-19 17:29:47.784"
"16662","2","1","512.0","2012-04-19 17:29:47.784"
"16663","3","1","467.0","2012-04-19 17:29:47.785"
"16664","1","1","4.76","2012-04-19 17:29:57.85"
"16665","2","1","511.0","2012-04-19 17:29:57.85"
"16666","3","1","463.0","2012-04-19 17:29:57.85"
"16667","1","1","4.84","2012-04-19 17:30:07.902"
"16668","2","1","511.0","2012-04-19 17:30:07.903"
"16669","3","1","460.0","2012-04-19 17:30:07.903"
"16670","1","1","4.84","2012-04-19 17:30:17.961"
"16671","2","1","511.0","2012-04-19 17:30:17.961"
"16672","3","1","457.0","2012-04-19 17:30:17.961"
"16673","1","1","4.84","2012-04-19 17:30:28.126"
"16674","2","1","511.0","2012-04-19 17:30:28.127"
"16675","3","1","454.0","2012-04-19 17:30:28.127"
"16676","1","1","4.84","2012-04-19 17:30:38.092"
"16677","2","1","511.0","2012-04-19 17:30:38.092"
"16678","3","1","451.0","2012-04-19 17:30:38.092"
"16679","1","1","4.84","2012-04-19 17:30:48.151"
"16680","2","1","511.0","2012-04-19 17:30:48.152"
"16681","3","1","448.0","2012-04-19 17:30:48.152"
"16682","1","1","4.84","2012-04-19 17:30:58.27"
"16683","2","1","511.0","2012-04-19 17:30:58.278"
"16684","3","1","445.0","2012-04-19 17:30:58.278"
"16685","1","1","4.84","2012-04-19 17:31:08.271"
"16686","2","1","511.0","2012-04-19 17:31:08.271"
"16687","3","1","442.0","2012-04-19 17:31:08.271"
"16688","1","1","4.76","2012-04-19 17:31:18.33"
"16689","2","1","511.0","2012-04-19 17:31:18.33"
"16690","3","1","439.0","2012-04-19 17:31:18.33"